ons_la_code_apr_2019,region_local_authority_apr_2019_3,x2021_q1,x2020_q4,x2020_q3,x2020_q2,x2020_q1,x2019_q4,x2019_q3,x2019_q2,x2019_q1,x2018_q4,x2018_q3,x2018_q2,x2018_q1,x2017_q4,x2017_q3,x2017_q2,x2017_q1,x2016_q4,x2016_q3,x2016_q2,x2016_q1,x2015_q4,x2015_q3,x2015_q2,x2015_q1,x2014_q4,x2014_q3,x2014_q2,x2014_q1,x2013_q4,x2013_q3,x2013_q2,x2013_q1,x2012_q4,x2012_q3,x2012_q2,x2012_q1,x2011_q4
K02000001,United Kingdom,249932,216379,173990,137398,124925,105960,92315,79184,72729,67075,62633,58467,55243,51182,48646,44851,42056,37916,35902,33093,31286,28260,25487,23348,21498,19251,17455,15513,14107,12889,12256,11892,11257,11034,10513,10522,10214,9924
K03000001,Great Britain,246942,213808,171851,135659,123310,104546,90986,77951,71557,65987,61598,57463,54294,50296,47833,44071,41294,37208,35215,32456,30664,27715,24981,22885,21073,18894,17141,15255,13855,12672,12063,11720,11117,10896,10390,10415,10122,9837
E92000001,England,221891,192256,154122,121049,110504,92947,80529,68712,62876,58162,54267,50623,47712,44300,42072,38716,36228,32656,31054,28779,27184,24578,22176,20248,18585,16713,15107,13373,12206,11199,10645,10260,9804,9575,9284,9245,9090,8981
E12000001,North East,4009,3574,3181,2713,2652,2323,2206,1995,1942,1930,1874,1835,1828,1801,1765,1714,1663,1598,1594,1578,1494,1401,1305,1194,1053,873,688,544,471,413,432,416,392,380,363,370,344,349
E06000047,County Durham,764,698,609,515,498,413,387,370,374,381,373,367,357,353,354,373,369,359,368,365,350,327,311,269,223,174,134,92,78,70,64,52,43,42,40,43,41,66
E06000005,Darlington,224,200,183,151,142,133,120,95,94,91,93,88,82,82,70,62,61,57,42,30,31,26,24,25,26,26,19,17,14,13,14,12,11,8,8,8,7,8
E06000001,Hartlepool,85,75,70,60,56,47,45,39,38,36,33,32,33,32,29,24,24,21,18,18,15,15,15,13,11,10,10,7,7,6,6,7,8,8,9,9,6,5
E06000002,Middlesbrough,91,76,59,41,42,38,41,34,32,30,24,25,23,22,21,25,24,21,21,23,26,25,24,21,21,19,17,14,13,12,13,13,7,6,5,c,c,c
E06000057,Northumberland,807,731,663,567,566,481,444,425,397,400,390,382,381,374,355,326,309,292,275,272,259,236,222,206,184,152,111,86,83,65,100,95,90,90,90,89,91,89
E06000003,Redcar and Cleveland,118,102,87,77,70,62,60,52,40,39,36,36,36,37,41,27,27,26,25,26,27,26,23,22,15,12,7,6,6,5,c,c,c,c,c,c,c,c
E06000004,Stockton-on-Tees,261,221,180,142,136,121,111,99,91,87,80,78,77,78,75,69,70,67,72,74,65,60,54,48,43,43,37,33,32,28,27,27,27,28,28,29,29,29
E11000007,Tyne and Wear (Met County),1653,1465,1323,1153,1135,1021,992,875,870,860,839,821,833,817,814,802,773,749,766,764,715,680,626,584,524,431,347,283,232,208,198,201,198,190,173,178,157,139
E08000037,Gateshead,301,258,245,216,216,201,198,178,183,177,175,172,171,169,175,176,168,154,158,158,148,142,134,123,115,103,82,79,73,69,72,79,83,79,66,66,57,39
E08000021,Newcastle upon Tyne,482,433,392,326,319,292,280,219,207,197,184,181,181,182,178,166,155,143,151,149,131,122,111,114,105,89,77,62,46,40,33,34,29,31,29,27,26,27
E08000022,North Tyneside,314,277,244,198,193,174,175,151,152,153,147,139,141,132,128,116,116,116,113,106,99,90,78,71,58,42,33,19,11,8,6,c,5,c,5,7,7,5
E08000023,South Tyneside,207,188,149,132,129,111,110,104,104,101,100,107,110,110,108,101,99,104,107,108,101,96,96,99,92,76,64,54,42,28,25,26,26,24,22,20,21,19
E08000024,Sunderland,349,309,293,281,278,243,229,223,224,232,233,222,230,224,225,243,235,232,237,243,236,230,207,177,154,121,91,69,60,63,62,58,55,52,51,58,46,49
NA,Local Authority unknown,6,6,7,7,7,7,6,6,6,6,6,6,6,6,6,6,6,6,7,6,6,6,6,6,6,6,6,6,6,6,6,6,6,6,6,6,6,6
E12000002,North West,25441,21993,17877,8187,7818,7005,6338,5614,5311,5045,4868,4650,4465,4197,4071,3829,3657,3301,3142,3015,2931,2615,2333,2091,1879,1640,1486,1318,1175,1075,1038,903,785,757,741,723,689,677
E06000008,Blackburn with Darwen,195,173,134,101,96,88,76,69,68,65,67,65,67,58,53,56,54,44,41,35,33,30,26,26,20,21,18,20,15,13,14,12,7,7,7,6,5,c
E06000009,Blackpool,228,217,205,189,188,185,173,162,159,148,151,138,135,133,135,129,122,110,99,94,87,72,57,45,29,16,12,14,14,12,14,13,11,9,5,5,5,c
E06000049,Cheshire East,1257,1124,986,816,769,700,633,563,532,521,480,446,416,387,369,334,303,263,237,207,174,147,125,108,96,82,80,68,61,56,44,47,37,39,38,34,35,31
E06000050,Cheshire West and Chester,882,782,708,618,571,491,437,383,367,360,354,329,306,282,281,256,245,216,203,187,168,142,130,111,92,84,78,69,61,56,53,53,45,44,41,40,41,38
E06000006,Halton,311,242,190,162,151,132,121,109,106,96,91,89,92,81,79,83,85,81,71,60,66,57,53,53,46,43,38,36,32,33,32,31,29,20,19,18,20,20
E06000007,Warrington,492,447,396,334,317,285,260,232,220,203,192,186,176,175,167,149,141,121,125,119,109,100,73,58,51,41,30,26,26,20,20,18,14,11,7,6,5,5
E10000006,Cumbria,780,697,595,505,487,432,389,347,312,285,277,264,245,233,215,206,210,187,166,164,161,140,124,103,92,77,58,52,42,30,27,19,16,15,15,16,15,14
E07000026,Allerdale,112,95,77,66,59,51,50,44,41,39,39,36,35,37,38,36,39,38,35,33,34,31,27,23,20,16,9,8,6,c,c,c,c,c,c,c,c,c
E07000027,Barrow-in-Furness,58,53,53,51,47,40,32,29,28,30,32,34,29,25,23,22,22,17,18,19,20,16,15,12,8,7,6,c,c,c,5,c,c,0,0,0,0,0
E07000028,Carlisle,137,121,105,90,91,82,76,68,63,56,55,53,49,45,41,41,37,31,26,21,22,21,18,13,13,11,10,8,6,c,c,c,c,c,c,c,c,c
E07000029,Copeland,73,68,58,50,51,44,45,38,37,38,41,42,41,40,39,36,39,32,30,37,33,28,28,24,22,21,16,15,12,10,9,6,5,c,c,6,6,5
E07000030,Eden,104,96,83,67,62,53,41,40,34,29,28,25,21,22,21,18,19,20,18,16,15,15,9,8,7,5,5,5,5,c,c,c,c,c,c,c,c,c
E07000031,South Lakeland,296,264,219,181,177,162,145,128,109,93,82,74,70,64,53,53,54,49,39,38,37,29,27,23,22,17,12,13,10,7,c,5,c,c,c,5,c,5
E11000001,Greater Manchester (Met County),17040,14566,11372,2657,2543,2227,2010,1746,1630,1569,1512,1441,1409,1319,1303,1236,1173,1084,1056,1052,1065,972,889,814,781,670,618,513,442,398,385,323,277,270,270,268,250,252
E08000001,Bolton,368,337,289,222,200,160,138,124,121,112,109,110,107,97,100,99,98,93,89,88,82,73,60,49,44,41,40,35,30,26,24,21,16,13,14,13,10,13
E08000002,Bury,503,367,270,221,207,191,186,156,120,121,115,106,101,94,88,87,83,72,78,102,161,150,139,130,132,84,79,40,14,10,7,8,7,7,8,8,7,8
E08000003,Manchester,597,543,450,373,361,326,292,255,236,225,212,203,202,190,178,166,156,150,148,141,121,113,107,97,100,90,83,73,66,52,53,47,43,39,39,34,37,38
E08000004,Oldham,239,211,191,151,148,130,122,102,101,96,99,87,90,92,88,87,90,92,89,88,87,80,72,63,60,48,48,37,26,23,23,20,20,20,18,17,14,16
E08000005,Rochdale,271,246,213,184,180,170,149,120,114,106,109,103,102,97,100,92,81,73,73,71,60,51,47,43,35,31,26,22,17,14,12,11,9,6,7,7,6,6
E08000006,Salford,391,350,318,271,250,233,225,205,204,198,191,186,183,176,182,188,190,182,182,181,180,174,177,180,186,187,180,172,168,161,148,112,81,84,85,84,78,75
E08000007,Stockport,13417,11406,8704,443,429,341,310,272,251,243,225,214,210,183,179,159,139,123,119,111,116,102,96,87,82,66,54,41,37,35,41,31,31,32,31,30,27,27
E08000008,Tameside,226,194,169,139,138,124,104,95,92,83,80,75,70,69,72,64,56,56,53,54,51,46,43,34,27,24,16,15,12,12,11,11,12,12,11,15,12,9
E08000009,Trafford,645,571,474,406,393,347,305,253,234,223,212,198,181,171,166,151,141,121,109,99,97,81,68,63,52,43,42,38,35,31,32,29,26,25,23,23,24,24
E08000010,Wigan,383,341,294,247,237,205,179,164,157,162,160,159,163,150,150,143,139,122,116,117,110,102,80,68,63,56,50,40,37,34,34,33,32,32,34,37,35,36
E10000017,Lancashire,2440,2143,1846,1580,1529,1372,1249,1090,1030,962,923,892,852,805,774,717,692,612,578,540,515,457,412,365,295,268,235,198,162,146,140,131,126,124,124,126,115,112
E07000117,Burnley,89,79,69,60,56,45,41,34,30,28,26,27,27,27,25,27,26,21,20,20,23,20,19,19,20,15,15,14,9,6,6,5,5,c,c,c,c,c
E07000118,Chorley,308,271,240,214,206,190,162,142,139,134,141,143,132,123,121,107,104,93,87,81,73,63,52,53,41,39,32,24,19,15,15,13,13,8,8,6,5,5
E07000119,Fylde,181,158,132,119,113,106,95,88,81,74,70,68,65,62,59,53,51,38,33,30,27,25,18,13,8,8,6,5,c,c,c,c,c,c,c,c,c,c
E07000120,Hyndburn,81,77,57,45,45,39,38,33,32,30,27,26,25,28,29,30,28,23,21,18,21,18,20,15,10,10,10,9,7,9,8,8,7,9,6,7,6,6
E07000121,Lancaster,282,232,207,167,158,144,138,126,114,101,82,70,66,64,62,66,73,70,73,71,68,64,58,56,46,37,27,30,25,22,25,24,19,19,19,18,16,17
E07000122,Pendle,105,93,78,59,63,50,47,38,42,39,38,36,34,31,32,28,28,26,28,28,28,26,23,20,16,16,15,11,7,6,8,6,6,7,6,5,c,c
E07000123,Preston,227,204,180,155,147,127,113,98,87,80,80,74,75,66,61,54,48,41,35,34,36,32,31,29,24,16,13,13,10,12,11,13,12,15,18,17,15,9
E07000124,Ribble Valley,199,178,153,131,121,114,98,78,70,70,59,56,48,49,46,46,42,38,32,30,26,21,19,16,13,12,11,8,7,5,c,c,c,c,c,c,c,c
E07000125,Rossendale,141,128,106,82,81,70,59,58,54,48,48,47,46,43,44,36,34,29,26,26,21,21,19,18,14,15,15,11,7,7,5,c,c,c,c,c,c,c
E07000126,South Ribble,314,290,260,235,235,215,209,186,189,181,180,178,173,161,156,140,136,124,120,105,102,87,80,62,54,59,55,43,39,35,31,30,29,29,29,32,31,30
E07000127,West Lancashire,287,230,193,169,163,140,127,110,98,95,94,92,87,77,70,64,55,44,44,46,43,36,34,28,23,19,19,18,18,15,12,11,12,10,11,13,12,12
E07000128,Wyre,226,203,171,144,141,132,122,99,94,82,78,75,74,74,69,66,67,65,59,51,47,44,39,36,26,22,17,12,12,13,14,13,14,15,17,17,14,17
E11000002,Merseyside (Met County),1812,1597,1440,1222,1164,1090,987,909,883,833,818,798,765,722,693,661,630,581,564,555,551,496,442,406,375,336,317,320,318,309,307,253,221,216,213,202,196,195
E08000011,Knowsley,147,124,106,80,77,71,63,59,56,48,51,53,53,50,47,46,44,39,36,33,28,25,23,23,18,14,10,6,6,5,5,c,c,c,c,c,c,c
E08000012,Liverpool,457,416,371,308,293,272,240,223,218,208,207,196,191,180,171,165,155,142,139,139,135,135,131,119,112,101,101,106,108,107,111,110,106,108,107,112,106,105
E08000014,Sefton,512,460,431,392,374,341,320,287,286,275,271,270,255,250,241,229,219,211,205,203,198,190,175,167,163,156,154,161,162,161,159,110,85,83,79,65,71,70
E08000013,St. Helens,197,168,145,121,113,97,84,79,79,74,73,70,65,63,58,56,57,49,48,46,46,40,37,32,23,19,15,12,12,11,12,12,13,12,14,11,6,8
E08000015,Wirral,499,429,387,321,307,309,280,261,244,228,216,209,201,179,176,165,155,140,136,134,144,106,76,65,59,46,37,35,30,25,20,17,14,11,11,12,11,10
NA,Local Authority unknown,c,5,5,c,c,c,c,c,c,c,c,c,c,c,c,c,c,c,c,c,c,c,c,c,c,c,c,c,c,c,c,c,c,c,c,c,c,c
E12000003,Yorkshire and The Humber,17030,14639,12167,9401,8441,6304,5246,4499,4028,3510,3192,2944,2788,2661,2522,2317,2201,1967,1942,1788,1667,1521,1322,1206,1132,986,900,830,759,691,505,497,500,491,480,478,486,477
E06000011,East Riding of Yorkshire,530,476,408,325,299,257,235,204,192,174,152,132,129,126,118,106,101,88,87,76,71,68,58,54,51,43,36,31,28,23,20,19,17,15,15,20,20,20
E06000010,"Kingston upon Hull, City of",229,177,149,127,113,101,98,90,83,84,84,81,81,74,75,68,68,59,46,46,42,40,37,36,35,26,21,23,24,26,26,23,18,20,17,17,15,15
E06000012,North East Lincolnshire,190,156,133,109,112,101,97,90,89,85,79,75,71,65,55,45,41,33,29,19,21,19,14,13,13,11,12,11,11,11,13,13,13,12,12,12,9,9
E06000013,North Lincolnshire,227,187,157,118,110,106,101,83,72,70,69,64,61,62,56,50,48,40,37,37,37,34,34,34,34,31,30,27,24,24,23,25,18,15,15,17,18,19
E06000014,York,506,499,425,333,316,285,267,244,237,239,233,224,221,206,206,192,194,188,185,169,171,168,165,156,150,142,142,131,126,119,120,121,120,117,120,115,119,117
E10000023,North Yorkshire,1502,1292,1085,897,829,726,640,551,484,454,412,378,340,310,279,260,236,200,193,174,163,126,107,97,83,82,79,73,63,56,56,51,45,41,40,41,44,40
E07000163,Craven,150,130,113,90,82,75,65,52,45,41,37,34,31,29,26,26,24,19,20,17,16,10,10,9,6,c,5,5,c,c,5,c,c,c,c,c,c,c
E07000164,Hambleton,206,181,147,127,119,104,89,80,69,72,67,64,58,48,51,49,42,36,33,30,28,22,21,17,12,12,13,12,11,9,11,11,8,7,5,c,6,6
E07000165,Harrogate,593,501,404,325,297,247,218,187,160,148,135,120,110,105,94,81,74,61,62,54,55,39,31,29,26,26,24,22,18,15,13,14,12,11,11,13,14,11
E07000166,Richmondshire,93,70,63,54,54,53,50,41,37,30,26,25,23,21,17,20,14,12,12,15,12,12,10,10,10,10,8,6,6,6,5,5,c,c,c,c,c,c
E07000167,Ryedale,129,119,105,90,83,77,71,63,59,55,50,46,42,43,34,32,33,28,25,19,18,15,12,13,11,11,10,11,8,7,7,6,7,7,6,7,8,8
E07000168,Scarborough,131,112,92,68,61,52,48,42,38,34,31,27,23,21,18,18,16,17,16,13,10,9,9,6,7,10,9,8,8,8,8,7,7,8,10,9,8,8
E07000169,Selby,199,178,161,143,133,118,99,86,76,74,66,62,53,43,39,34,33,27,25,26,24,19,14,13,11,10,10,9,8,7,7,c,c,c,c,c,c,c
NA,Local Authority District unknown,c,c,0,0,0,0,0,0,0,0,0,0,0,0,0,0,0,0,0,0,0,0,0,0,0,0,0,0,0,0,0,0,0,0,0,0,0,0
E11000003,South Yorkshire (Met County),2910,2620,2435,2036,1891,1329,1190,974,792,725,695,651,634,614,591,545,540,468,493,489,454,405,356,354,363,305,267,243,224,192,88,89,128,129,130,125,140,144
E08000016,Barnsley,350,308,255,224,198,171,158,128,117,119,116,98,89,85,84,75,73,65,65,63,64,58,52,51,47,35,28,23,19,17,17,19,17,16,19,17,9,9
E08000017,Doncaster,897,807,862,802,807,407,379,311,184,164,168,167,174,180,172,163,166,140,174,197,172,160,147,173,219,183,160,155,144,120,23,23,66,68,70,72,95,94
E08000018,Rotherham,332,284,255,195,187,174,163,130,132,118,110,108,107,103,93,91,89,79,80,76,73,63,46,35,26,20,17,15,15,16,13,13,12,15,11,10,7,7
E08000019,Sheffield,1331,1221,1063,815,699,577,490,405,359,324,301,278,264,246,242,216,212,184,174,153,145,124,111,95,71,67,62,50,46,39,35,34,33,30,30,26,29,34
E11000006,West Yorkshire (Met County),10932,9230,7373,5454,4770,3398,2617,2262,2078,1678,1467,1338,1249,1202,1140,1050,972,890,871,777,707,660,550,461,402,345,312,290,258,239,158,155,140,141,130,130,120,112
E08000032,Bradford,646,544,469,423,493,305,292,236,218,215,197,186,178,171,170,151,146,141,140,107,126,134,78,67,64,50,43,35,28,26,24,21,17,18,17,20,19,16
E08000033,Calderdale,324,272,235,205,190,178,162,140,131,128,119,114,104,102,100,93,93,75,77,68,61,52,44,36,31,24,26,23,19,11,9,8,6,6,6,c,c,c
E08000034,Kirklees,644,557,484,398,383,331,292,262,237,220,198,195,190,182,175,166,151,135,133,121,108,93,84,75,71,66,57,46,32,31,30,24,26,24,22,23,19,18
E08000035,Leeds,8842,7451,5829,4105,3399,2319,1633,1405,1247,923,783,686,627,598,547,493,438,404,389,360,292,263,233,179,137,113,108,89,84,71,70,76,68,72,64,63,60,56
E08000036,Wakefield,476,406,356,323,305,265,238,219,245,192,170,157,150,149,148,147,144,135,132,121,120,118,111,104,99,92,78,97,95,100,25,26,23,21,21,20,18,18
NA,Local Authority unknown,c,c,c,c,c,c,c,c,c,c,c,c,c,c,c,c,c,c,c,c,c,c,c,c,c,c,c,c,c,c,c,c,c,c,c,c,c,c
E12000004,East Midlands,12014,10047,8538,7168,6681,5793,5161,4437,3980,3715,3499,3281,3129,2930,2642,2472,2314,2119,2005,1881,1749,1623,1485,1343,1225,1099,994,872,772,718,711,724,698,700,576,572,558,560
E06000015,Derby,772,677,576,480,433,348,303,255,223,213,198,187,184,182,174,165,155,147,137,127,109,99,90,84,66,70,64,58,44,50,49,51,39,43,44,41,36,38
E06000016,Leicester,440,404,334,278,256,225,208,182,175,170,170,180,163,149,142,144,135,137,128,121,141,142,142,153,194,159,161,163,155,163,164,179,175,183,183,183,184,181
E06000018,Nottingham,620,572,500,447,429,406,376,318,302,276,259,253,253,245,230,208,186,177,175,152,133,120,115,113,107,99,75,75,64,50,39,39,41,42,40,35,34,34
E06000017,Rutland,130,117,102,80,76,64,58,50,46,42,41,35,32,28,32,26,23,20,22,21,17,15,10,10,10,8,6,5,5,5,5,c,5,6,8,8,6,7
E10000007,Derbyshire,2535,2116,1722,1450,1336,1136,939,812,754,662,614,577,552,534,383,365,346,320,297,268,235,211,189,158,135,124,109,92,70,58,56,56,48,50,49,50,48,55
E07000032,Amber Valley,292,264,237,189,181,144,132,117,102,105,95,84,83,79,70,66,65,59,58,53,44,41,40,32,26,26,20,17,14,12,11,9,c,5,6,7,7,6
E07000033,Bolsover,98,84,75,54,50,44,40,35,34,30,29,28,25,21,18,18,17,12,12,10,12,10,8,5,c,6,6,6,5,c,c,c,c,c,c,c,c,c
E07000034,Chesterfield,1041,774,534,441,411,357,264,234,227,156,153,150,146,157,40,42,47,49,47,41,30,30,25,22,25,24,19,16,11,10,9,9,9,8,9,9,9,12
E07000035,Derbyshire Dales,236,213,187,159,136,120,98,78,73,62,56,53,48,46,39,36,35,32,27,26,23,23,19,16,14,13,12,9,5,c,c,5,c,c,c,5,5,6
E07000036,Erewash,237,208,175,150,141,123,114,103,103,101,99,91,90,80,80,76,69,65,56,48,48,37,36,28,23,21,19,16,11,9,10,10,12,14,13,12,10,12
E07000037,High Peak,205,189,163,138,124,108,89,77,68,69,58,56,54,49,47,45,41,37,35,31,25,24,20,19,16,13,14,13,12,12,12,13,9,9,9,8,8,10
E07000038,North East Derbyshire,210,186,177,164,150,118,95,76,65,56,46,42,37,35,31,28,25,23,20,19,18,15,13,11,7,6,5,c,c,c,c,c,c,c,c,c,c,c
E07000039,South Derbyshire,216,198,174,155,143,122,107,92,82,83,78,73,69,67,58,54,47,43,42,40,35,31,28,25,20,15,14,12,10,7,7,6,c,c,c,c,c,c
E10000018,Leicestershire,2400,1621,1330,1091,1000,889,802,689,628,618,592,544,512,475,444,408,379,333,308,308,287,265,233,195,172,156,142,127,109,102,100,89,85,83,78,77,75,74
E07000129,Blaby,282,259,215,139,122,105,103,91,83,92,76,61,63,58,57,56,50,44,40,63,54,62,54,30,26,21,20,15,14,14,12,10,9,9,8,8,9,8
E07000130,Charnwood,433,389,348,295,267,236,211,177,165,162,171,174,158,156,146,123,113,90,84,82,79,67,59,58,47,47,42,42,38,36,35,31,28,26,26,24,25,26
E07000131,Harborough,1010,382,244,214,189,172,155,134,116,100,90,90,81,73,67,60,56,50,50,47,49,44,39,39,35,33,25,22,18,16,17,16,16,16,14,15,14,13
E07000132,Hinckley and Bosworth,237,207,189,156,147,129,121,101,92,88,81,70,68,63,58,63,59,54,47,40,39,35,32,28,25,22,22,19,13,11,10,11,10,10,11,11,11,11
E07000133,Melton,99,86,74,63,59,60,50,46,40,37,39,36,33,31,30,28,26,26,26,21,20,16,15,13,12,11,12,10,11,11,12,9,9,9,5,5,c,c
E07000134,North West Leicestershire,244,212,186,165,161,133,112,96,89,97,96,82,80,68,61,54,50,46,41,35,29,27,21,15,17,13,13,12,9,8,8,6,7,7,7,7,6,6
E07000135,Oadby and Wigston,90,81,69,54,50,49,45,39,38,37,34,26,24,21,20,19,20,18,15,15,12,9,8,7,5,c,c,c,c,c,c,c,c,c,c,c,c,c
NA,Local Authority District unknown,5,5,5,5,5,5,5,5,5,5,5,5,5,5,5,5,5,5,5,5,5,5,5,5,5,5,5,5,5,5,5,5,5,5,5,5,5,5
E10000019,Lincolnshire,1347,1167,1014,819,772,666,618,525,473,445,416,391,377,347,322,305,293,259,255,241,231,190,178,152,136,125,123,90,84,67,66,63,54,54,52,50,50,49
E07000136,Boston,86,79,70,35,33,30,28,25,22,20,22,19,19,20,23,27,21,21,21,22,22,18,18,17,16,13,11,9,6,c,c,c,5,5,5,5,c,c
E07000137,East Lindsey,225,191,162,127,122,109,101,84,78,78,79,71,68,64,58,53,53,52,52,47,40,35,36,32,33,29,29,20,20,16,14,15,9,9,9,9,12,12
E07000138,Lincoln,110,97,87,77,77,69,66,59,56,50,50,50,52,48,48,43,40,31,37,36,33,25,23,16,15,17,16,11,12,8,11,11,8,8,7,c,c,c
E07000139,North Kesteven,275,229,201,162,154,127,119,92,79,78,67,67,63,60,50,43,47,43,41,40,36,32,29,28,26,25,23,16,14,13,11,10,10,10,10,10,10,9
E07000140,South Holland,162,140,115,98,90,75,67,57,49,45,34,34,34,28,27,26,28,27,25,22,18,17,16,13,10,8,9,7,9,9,8,7,8,7,7,7,7,6
E07000141,South Kesteven,288,257,219,188,172,154,141,124,110,103,98,93,85,78,74,71,66,57,57,55,59,42,39,31,23,17,18,12,10,7,9,7,7,7,5,5,5,c
E07000142,West Lindsey,198,171,157,129,121,99,93,81,76,68,63,54,53,46,39,39,36,26,20,17,21,19,15,13,11,14,15,13,11,8,8,7,5,6,7,8,8,9
NA,Local Authority District unknown,c,c,c,c,c,c,c,c,c,c,c,c,c,c,c,c,c,c,c,c,c,c,c,c,c,c,c,c,c,c,c,c,c,c,c,c,c,c
E10000021,Northamptonshire,2119,1908,1690,1454,1359,1148,1016,895,737,672,636,578,534,483,453,419,387,364,353,326,309,318,307,299,259,244,218,189,171,163,175,186,201,194,78,79,75,72
E07000150,Corby,98,85,74,78,68,45,37,34,34,33,30,27,26,26,27,27,26,26,25,21,18,19,16,15,12,12,12,8,7,c,c,c,c,c,c,c,c,0
E07000151,Daventry,278,256,213,196,169,154,129,123,115,102,99,83,82,80,80,70,65,66,65,59,55,48,44,40,37,33,33,30,25,28,31,40,40,43,44,46,42,39
E07000152,East Northamptonshire,220,205,180,151,142,129,120,102,91,89,82,72,58,49,44,39,39,32,32,34,30,29,23,19,15,12,8,5,c,c,c,c,c,c,c,c,c,c
E07000153,Kettering,402,345,286,233,215,182,139,111,110,94,87,84,78,67,60,54,52,45,39,40,41,34,29,23,23,21,19,13,12,11,10,11,10,9,7,6,8,8
E07000154,Northampton,356,329,294,251,242,204,199,166,163,152,153,143,132,125,117,111,102,99,95,83,77,67,59,57,49,40,37,27,24,14,10,7,7,6,7,7,6,6
E07000155,South Northamptonshire,618,565,540,456,444,370,332,299,166,153,141,124,118,96,91,87,76,71,71,66,65,102,120,130,109,110,97,98,94,98,111,118,135,127,12,11,10,10
E07000156,Wellingborough,146,122,103,89,79,64,60,60,58,49,44,45,40,40,34,31,27,25,26,23,23,19,16,15,14,16,12,8,6,6,5,c,5,5,c,5,5,5
NA,Local Authority District unknown,c,c,0,0,0,0,0,0,0,0,0,0,0,0,0,0,0,0,0,0,0,0,0,0,0,0,0,0,0,0,0,0,0,0,0,0,0,0
E10000024,Nottinghamshire,1647,1461,1265,1065,1016,907,837,707,639,614,569,532,516,483,458,429,408,360,328,315,285,261,219,177,144,112,95,71,68,58,55,55,48,43,42,47,48,48
E07000170,Ashfield,148,137,117,97,90,79,71,61,56,54,51,49,48,45,43,46,50,41,38,38,35,30,27,19,15,11,11,9,11,10,8,7,7,6,6,5,5,5
E07000171,Bassetlaw,188,168,142,118,110,98,85,73,65,67,62,64,57,56,53,48,48,41,37,33,30,29,25,24,24,18,18,18,17,15,14,15,15,13,13,15,15,18
E07000172,Broxtowe,216,198,187,161,154,144,133,120,105,100,101,92,85,74,71,62,62,51,47,43,42,38,33,30,20,17,14,6,5,c,c,c,c,c,c,c,c,c
E07000173,Gedling,265,223,205,167,161,147,144,118,105,99,89,84,88,83,80,75,68,62,52,51,46,46,40,33,30,23,19,12,12,11,11,10,9,7,6,7,7,6
E07000174,Mansfield,122,112,96,76,80,65,68,59,56,54,51,50,52,50,47,46,44,39,35,35,33,28,23,17,14,11,9,8,8,7,6,7,c,c,c,c,c,c
E07000175,Newark and Sherwood,256,233,198,162,156,139,124,100,92,93,86,74,74,73,69,66,59,54,51,52,46,40,32,28,22,15,14,10,10,6,7,7,7,5,5,8,8,8
E07000176,Rushcliffe,451,389,319,284,265,235,212,176,160,147,129,119,112,102,95,86,77,72,68,63,53,50,39,26,19,17,10,8,5,5,5,6,5,7,7,8,8,5
NA,Local Authority District unknown,c,c,c,0,0,0,0,0,0,0,0,0,0,0,0,0,0,0,0,0,0,0,0,0,0,0,0,0,0,0,0,0,0,0,0,0,0,0
NA,Local Authority unknown,c,c,5,c,c,c,c,c,c,c,c,c,6,c,c,c,c,c,c,c,c,c,c,c,c,c,c,c,c,c,c,c,c,c,c,c,c,c
E12000005,West Midlands,19544,16888,13150,16299,14167,11628,9678,8029,6960,6319,5823,5261,4907,4220,4041,3778,3429,3034,2942,2675,2477,2279,2154,2088,2008,1960,1846,1695,1543,1437,1435,1273,1169,1135,891,857,779,787
E06000019,"Herefordshire, County of",557,503,445,373,351,301,259,216,198,180,170,155,145,134,120,109,98,95,90,82,79,71,68,56,55,51,42,36,33,31,33,32,30,30,28,27,26,24
E06000051,Shropshire,786,908,808,690,672,609,565,527,506,477,457,441,348,198,187,181,173,154,155,144,135,124,116,112,104,84,66,55,52,49,45,42,37,35,32,24,20,24
E06000021,Stoke-on-Trent,306,279,214,182,175,155,151,147,141,125,111,96,95,96,83,77,76,73,75,71,65,59,54,51,51,44,39,28,29,26,26,20,17,15,16,16,16,17
E06000020,Telford and Wrekin,860,364,273,180,169,137,132,115,112,107,96,87,88,78,70,72,70,71,73,59,53,47,43,37,33,23,16,14,14,14,13,12,10,10,10,9,11,9
E10000028,Staffordshire,1877,1654,1469,1252,1197,1065,1004,875,823,763,726,661,623,595,563,531,505,464,442,413,398,378,346,331,258,216,196,178,157,148,133,130,117,125,122,124,121,120
E07000192,Cannock Chase,267,250,230,201,201,183,178,147,127,113,111,101,94,90,87,91,89,83,79,74,76,82,82,80,75,64,55,53,51,49,45,46,40,43,41,44,44,46
E07000193,East Staffordshire,241,207,193,164,159,148,145,128,118,113,106,95,93,86,79,78,71,69,66,65,67,64,60,60,17,15,13,11,10,11,9,10,7,7,7,7,8,10
E07000194,Lichfield,315,275,236,196,183,159,147,130,129,123,115,102,91,88,82,68,65,56,58,51,47,43,39,35,29,25,23,23,20,19,17,15,15,19,18,19,18,18
E07000195,Newcastle-under-Lyme,213,181,164,142,132,113,108,99,90,85,81,76,69,61,57,55,54,44,42,40,36,28,24,23,19,16,14,11,11,8,7,7,5,5,5,c,c,c
E07000196,South Staffordshire,233,196,169,144,128,113,100,86,87,86,78,71,67,69,67,59,53,46,45,40,39,33,29,24,22,15,14,14,12,13,11,9,7,8,9,9,9,6
E07000197,Stafford,305,272,235,204,201,178,168,150,134,117,117,112,109,104,101,90,85,85,81,83,79,77,73,73,65,58,54,49,40,36,33,31,31,30,29,28,27,26
E07000198,Staffordshire Moorlands,170,150,133,123,116,103,99,86,84,77,73,66,64,61,59,60,56,51,46,36,31,28,23,23,20,15,12,9,6,6,6,7,7,8,9,11,11,11
E07000199,Tamworth,133,123,109,78,77,68,59,49,54,49,45,38,36,36,31,29,31,28,24,23,22,22,15,13,11,8,11,8,7,6,5,5,5,5,c,c,c,c
NA,Local Authority District unknown,0,0,0,0,0,0,0,0,0,0,0,0,0,0,0,c,c,c,c,c,c,c,c,0,0,0,0,0,0,0,0,0,0,0,0,0,0,0
E10000031,Warwickshire,3833,3428,2392,1810,1772,1574,1415,1274,838,921,892,869,887,644,599,541,424,343,336,286,251,200,190,164,146,128,107,97,76,74,66,63,53,48,52,50,96,97
E07000218,North Warwickshire,144,125,120,100,95,82,73,64,54,55,54,54,56,57,60,55,53,46,50,51,49,43,44,35,34,33,33,31,19,16,16,16,11,13,7,8,53,59
E07000219,Nuneaton and Bedworth,192,167,156,134,135,108,96,114,80,71,73,72,67,62,57,47,41,40,39,35,32,24,23,20,17,15,11,10,8,10,8,5,c,c,14,12,14,14
E07000220,Rugby,351,322,289,226,225,193,175,153,143,128,118,112,98,95,90,86,71,63,60,50,46,36,31,28,25,22,18,14,13,12,11,10,9,8,8,10,9,6
E07000221,Stratford-on-Avon,636,660,620,566,541,487,446,401,340,458,457,451,502,276,247,228,154,106,101,82,68,51,47,41,40,37,28,24,19,18,15,17,15,9,10,8,9,8
E07000222,Warwick,2509,2154,1207,784,776,704,625,542,221,209,190,180,164,154,145,125,105,88,86,68,56,46,45,40,30,21,17,18,17,18,16,15,14,14,13,12,11,10
NA,Local Authority District unknown,c,0,0,0,0,0,0,0,0,0,0,0,0,0,0,0,0,0,0,0,0,0,0,0,0,0,0,0,0,0,0,0,0,0,0,0,0,0
E11000005,West Midlands (Met County),8760,7486,5986,10410,8562,6820,5270,4079,3573,2981,2624,2196,1981,1798,1753,1652,1535,1379,1330,1212,1115,1007,921,884,844,780,715,661,631,594,578,568,542,506,454,447,409,409
E08000025,Birmingham,1469,1336,1239,6952,6152,4999,3740,2831,2462,1878,1549,1183,1055,946,910,837,758,656,619,559,494,425,373,359,336,297,262,236,216,189,176,169,136,127,125,126,109,103
E08000026,Coventry,655,613,397,338,316,289,272,246,238,229,224,222,223,203,213,209,190,166,173,138,152,145,129,126,127,119,115,105,91,93,97,102,98,93,102,105,107,115
E08000027,Dudley,394,363,320,273,255,219,214,199,200,191,182,170,167,157,154,153,155,168,160,158,146,135,109,93,86,76,61,57,52,53,44,40,35,40,39,41,41,45
E08000028,Sandwell,418,346,252,189,177,149,143,130,122,117,101,77,76,72,70,69,71,55,55,54,46,43,41,35,32,28,20,14,14,14,14,11,10,6,7,10,10,11
E08000029,Solihull,5223,4292,3334,2293,1303,860,618,425,327,340,342,331,260,250,241,225,210,186,175,160,136,125,164,175,185,189,195,199,213,204,205,208,227,201,143,130,107,101
E08000030,Walsall,303,270,219,197,197,167,150,135,128,127,131,119,111,96,89,85,79,79,84,76,74,69,60,56,43,41,37,31,24,22,22,21,20,24,25,22,22,21
E08000031,Wolverhampton,298,266,225,168,162,137,133,113,96,99,95,94,89,74,76,74,72,69,64,67,67,65,45,40,35,30,25,19,21,19,20,17,16,15,13,13,13,13
E10000034,Worcestershire,2562,2263,1560,1400,1268,966,880,794,767,763,744,754,738,675,664,613,546,453,439,406,379,391,414,451,515,632,663,625,550,500,540,405,362,365,176,159,79,85
E07000234,Bromsgrove,376,313,280,234,226,199,177,152,149,145,140,136,128,123,125,108,99,78,76,65,55,50,44,33,26,19,16,14,10,10,11,10,8,5,6,6,6,6
E07000235,Malvern Hills,254,246,214,180,164,145,129,119,102,104,98,96,83,75,65,59,54,51,43,40,33,26,23,25,22,20,15,15,13,12,11,10,8,6,5,c,c,5
E07000236,Redditch,141,128,111,103,90,79,76,61,57,59,61,61,54,54,48,47,40,34,34,29,28,25,20,16,10,7,8,6,5,c,c,c,c,c,8,10,c,c
E07000237,Worcester,574,416,332,310,212,122,118,98,95,91,88,82,83,76,73,66,62,48,47,46,42,35,36,35,31,30,31,26,21,20,20,21,19,16,18,14,12,10
E07000238,Wychavon,1053,1027,496,462,462,320,287,279,286,286,286,309,323,283,290,275,236,193,193,181,177,218,260,315,403,537,580,555,493,449,491,356,321,331,134,119,49,57
E07000239,Wyre Forest,164,133,127,111,114,101,93,85,78,78,71,70,67,64,63,58,55,49,46,45,44,37,31,27,23,19,13,9,8,5,c,c,c,5,5,6,6,5
NA,Local Authority unknown,c,c,c,c,c,c,c,c,c,c,c,c,c,c,c,c,c,c,c,c,c,c,c,c,c,c,c,c,c,c,c,c,c,c,c,c,c,c
E12000006,East,23894,21038,17247,13859,12899,11152,9939,8447,8000,7456,7147,7843,7459,7070,6790,6177,5772,5115,4809,4310,3917,3361,2905,2565,2204,1863,1528,1203,993,849,802,746,713,706,813,799,782,628
E06000055,Bedford,619,443,370,306,291,262,245,214,382,389,517,1580,1537,1498,1482,1326,1247,1068,1023,844,733,542,422,329,232,157,83,20,14,14,12,10,16,21,152,156,144,12
E06000056,Central Bedfordshire,1020,949,713,607,568,502,439,377,356,345,323,310,285,272,247,220,213,189,179,167,147,147,129,116,109,102,93,80,70,72,75,69,68,64,71,72,69,55
E06000032,Luton,209,183,154,128,120,148,137,126,115,114,105,102,96,92,82,71,71,67,64,62,59,54,46,40,38,36,35,26,26,28,20,17,17,18,17,16,16,16
E06000031,Peterborough,3941,3425,2595,2121,1991,1747,1517,1247,1048,921,904,910,932,927,951,958,892,823,785,675,633,566,492,453,424,332,253,195,95,41,41,26,20,23,25,24,23,17
E06000033,Southend-on-Sea,256,229,206,177,169,150,141,129,124,116,108,102,94,91,83,79,72,66,66,58,55,51,44,39,30,25,23,21,18,16,15,14,15,14,12,9,12,13
E06000034,Thurrock,277,250,206,162,166,141,135,114,107,99,93,92,83,79,78,72,72,65,62,58,54,45,40,32,26,24,25,18,19,18,14,13,9,9,9,7,7,6
E10000003,Cambridgeshire,2326,2133,1919,1637,1578,1415,1319,1157,1170,1114,1001,917,857,784,749,662,620,546,495,469,405,332,289,255,212,193,180,157,147,126,118,116,126,129,125,117,113,117
E07000008,Cambridge,458,423,394,319,311,282,259,225,198,175,160,135,138,127,119,102,94,79,87,79,57,53,46,39,30,26,26,24,19,14,10,11,10,17,16,13,12,15
E07000009,East Cambridgeshire,290,269,245,216,206,180,165,136,121,118,107,97,89,86,73,63,61,56,50,44,40,37,35,28,22,19,19,14,13,13,11,10,10,10,7,10,9,9
E07000010,Fenland,128,114,103,87,81,78,70,58,53,50,47,43,40,33,37,31,33,32,28,26,31,28,25,18,15,12,11,7,10,10,9,6,6,6,8,7,7,9
E07000011,Huntingdonshire,636,572,491,420,413,369,368,332,429,427,360,345,316,283,273,250,239,213,193,199,177,127,105,103,88,86,83,76,77,64,65,65,76,75,75,69,67,67
E07000012,South Cambridgeshire,814,755,686,595,567,506,457,406,369,344,327,297,274,255,247,216,193,166,137,121,100,87,78,67,57,50,41,36,28,25,23,24,24,21,19,18,18,17
E10000012,Essex,3505,3096,2648,2168,2073,1776,1617,1361,1262,1178,1131,1074,1010,966,908,843,786,718,683,622,569,509,452,404,346,306,262,219,196,172,169,160,154,147,137,141,138,141
E07000066,Basildon,481,435,356,292,271,209,188,140,130,125,119,113,109,106,99,90,86,83,82,76,77,67,58,50,46,37,38,27,23,17,19,19,17,14,14,14,16,17
E07000067,Braintree,294,249,207,163,160,139,129,107,99,94,93,87,88,84,81,73,67,59,65,61,58,51,44,38,31,25,21,15,11,7,7,c,5,5,5,6,5,6
E07000068,Brentwood,245,222,192,161,151,142,135,110,107,107,103,100,93,92,92,91,82,78,76,71,60,53,47,45,31,25,20,26,26,33,32,28,29,31,29,29,31,38
E07000069,Castle Point,118,110,98,80,81,71,61,57,54,55,57,54,52,46,44,40,37,30,30,28,25,21,18,16,14,11,11,10,9,7,7,6,c,c,c,c,c,c
E07000070,Chelmsford,454,421,358,288,279,225,209,187,175,164,147,141,136,129,120,115,103,97,88,83,69,57,53,47,34,31,24,20,16,12,11,13,11,11,12,11,12,9
E07000071,Colchester,364,322,277,239,238,201,179,156,136,123,123,114,96,100,95,87,81,74,66,55,49,46,45,39,36,36,26,24,20,18,18,19,18,18,19,21,18,18
E07000072,Epping Forest,483,411,339,267,254,221,211,181,167,141,141,128,121,117,107,100,88,80,71,62,59,51,42,41,37,27,23,19,17,15,11,12,11,9,10,12,12,11
E07000073,Harlow,122,110,98,83,78,74,63,53,51,45,43,39,37,31,27,21,22,18,16,15,13,13,11,8,8,7,7,c,c,c,c,c,c,0,0,0,0,0
E07000074,Maldon,175,148,130,104,96,86,78,58,53,50,47,47,46,44,39,35,37,33,29,27,28,29,27,23,18,16,12,14,14,11,11,11,11,12,11,11,9,8
E07000075,Rochford,167,149,125,104,94,81,79,67,65,65,65,64,62,57,52,52,52,49,50,49,46,47,41,38,36,32,27,19,16,12,11,10,8,5,c,c,c,c
E07000076,Tendring,203,172,150,130,126,104,91,78,71,71,64,64,60,64,63,55,55,49,44,38,34,24,21,18,17,17,13,12,14,13,13,12,11,14,14,14,12,10
E07000077,Uttlesford,399,347,318,257,245,223,193,164,151,135,126,119,106,92,85,80,72,64,61,52,46,44,39,35,32,37,35,24,21,22,24,22,25,24,15,16,16,17
NA,Local Authority District unknown,0,0,0,0,0,0,c,c,c,c,c,c,c,c,c,c,c,c,5,5,5,6,6,6,6,5,5,5,5,c,c,c,c,c,c,c,c,c
E10000015,Hertfordshire,8023,7008,5515,4148,3672,3064,2635,2191,2021,1840,1706,1569,1452,1344,1246,1087,1002,852,777,708,645,559,496,435,359,294,240,199,161,131,116,112,101,97,91,88,97,99
E07000095,Broxbourne,174,162,125,102,98,88,78,68,63,56,49,49,46,41,35,34,33,30,30,32,30,26,23,20,9,7,7,c,c,c,c,c,c,c,c,c,c,c
E07000096,Dacorum,572,523,462,393,372,329,303,265,246,216,190,175,155,145,138,121,111,97,89,80,72,67,58,50,45,39,30,26,22,17,16,12,11,10,9,8,9,8
E07000242,East Hertfordshire,543,497,438,364,343,311,277,228,211,205,188,174,156,148,141,123,108,97,90,75,70,58,52,47,44,36,28,18,11,6,c,c,c,c,c,c,c,c
E07000098,Hertsmere,519,461,398,334,315,281,263,215,201,175,166,152,145,136,122,105,103,86,79,72,67,52,52,48,39,33,26,23,23,21,19,19,14,13,14,14,13,14
E07000099,North Hertfordshire,518,478,398,339,314,285,254,234,221,200,191,171,156,143,131,117,113,103,98,79,68,57,48,46,39,34,34,30,22,18,17,18,15,14,11,9,12,10
E07000240,St Albans,713,674,578,483,461,405,362,305,294,271,263,242,230,204,190,178,161,128,116,115,99,89,75,61,47,37,26,21,16,16,12,13,13,13,12,10,9,11
E07000243,Stevenage,116,99,90,76,71,61,50,47,44,41,38,35,35,32,33,29,23,19,18,17,16,16,11,9,9,7,7,c,5,5,6,8,11,10,8,8,8,8
E07000102,Three Rivers,442,397,351,295,276,250,234,189,173,159,152,144,132,130,124,100,94,82,75,70,71,61,55,46,42,34,32,31,24,16,14,13,10,8,8,9,9,10
E07000103,Watford,4005,3342,2357,1491,1157,827,602,471,423,385,342,311,286,263,235,194,182,146,124,111,103,90,83,76,61,46,35,29,21,16,13,9,7,8,8,8,7,7
E07000241,Welwyn Hatfield,421,375,318,271,265,227,212,169,145,132,127,116,111,102,97,86,74,64,58,57,49,43,39,32,24,21,15,15,16,15,15,15,15,16,16,16,23,26
E10000020,Norfolk,1849,1655,1454,1166,1102,950,842,734,699,652,615,569,536,483,458,413,380,337,325,314,300,273,246,222,204,189,146,114,102,97,94,88,78,77,78,77,80,70
E07000143,Breckland,270,244,213,174,153,129,107,96,90,85,80,70,62,57,57,54,47,42,48,45,40,36,37,35,30,31,20,14,11,13,13,12,10,6,9,10,11,10
E07000144,Broadland,312,278,240,190,188,162,144,125,123,109,103,93,90,77,66,61,54,45,47,44,43,40,31,26,22,19,14,8,7,8,7,7,8,12,11,12,10,7
E07000145,Great Yarmouth,90,78,66,50,48,44,41,35,32,29,30,27,28,24,23,21,21,20,19,20,19,20,16,13,13,13,9,10,10,9,8,8,7,c,5,c,c,c
E07000146,King's Lynn and West Norfolk,265,230,187,151,145,130,115,102,92,84,83,77,69,64,64,59,54,48,47,45,43,39,33,34,36,29,22,18,18,18,18,16,13,15,14,12,14,12
E07000147,North Norfolk,268,244,225,179,168,138,128,115,112,113,110,109,110,106,101,95,91,82,74,70,66,58,54,47,43,37,28,21,18,17,15,12,9,10,8,8,9,10
E07000148,Norwich,237,212,189,137,132,104,90,72,70,65,54,53,53,52,51,45,41,39,36,39,41,36,35,31,26,29,28,25,26,22,21,20,18,17,19,19,19,15
E07000149,South Norfolk,405,367,332,283,266,241,215,187,178,165,153,138,122,101,94,76,70,59,53,50,47,43,39,35,33,30,24,17,11,9,11,12,12,12,11,11,13,13
NA,Local Authority District unknown,c,c,c,c,c,c,c,c,c,c,c,c,c,c,c,c,c,c,c,c,c,c,c,c,c,c,c,c,c,c,c,c,c,c,c,c,c,0
E10000029,Suffolk,1867,1665,1463,1237,1167,996,911,796,714,686,641,614,574,531,503,443,414,381,347,329,314,281,247,239,223,204,187,153,144,133,127,120,108,106,95,91,82,81
E07000200,Babergh,244,221,194,164,155,132,124,110,97,97,92,96,87,82,79,70,67,59,55,49,49,42,36,34,29,27,23,17,15,14,13,15,15,15,16,17,15,14
E07000244,East Suffolk,587,531,474,403,383,344,320,290,269,256,240,224,214,200,186,164,162,143,127,119,114,104,94,87,82,69,63,54,49,45,48,45,41,43,34,30,28,26
E07000202,Ipswich,262,226,198,160,152,144,115,97,76,76,75,72,67,64,66,65,63,62,58,52,52,45,41,40,36,36,33,32,33,31,25,24,19,18,18,17,14,15
E07000203,Mid Suffolk,341,290,250,210,199,153,148,125,111,108,98,93,87,79,74,65,50,51,45,44,40,37,30,31,29,32,30,23,21,18,18,15,12,13,13,14,13,14
E07000245,West Suffolk,433,397,347,300,278,223,204,174,161,149,136,129,118,106,98,79,72,66,62,65,59,53,46,47,47,40,38,27,26,25,23,21,21,17,14,13,12,12
NA,Local Authority District unknown,0,0,0,0,0,0,0,0,0,0,0,0,c,0,0,0,0,0,0,0,0,0,0,0,0,0,0,0,0,0,0,0,0,0,0,0,0,0
NA,Local Authority unknown,c,c,c,c,c,c,c,c,c,c,c,c,c,c,c,c,c,c,c,c,c,c,c,c,c,c,c,c,c,c,c,c,c,c,c,c,c,c
E12000007,London,28283,24908,21227,17204,16111,14735,13206,11369,10556,9600,8811,8280,7765,7405,7073,6383,5918,5311,4942,4602,4435,4053,3707,3384,3086,2790,2594,2408,2268,2158,2076,2058,2030,2019,2000,2023,2030,2085
E13000001,Inner London,11854,10601,9298,7651,7184,6769,5913,5188,4755,4244,3839,3614,3409,3221,2954,2695,2485,2260,2197,2004,1937,1821,1707,1569,1446,1315,1238,1173,1120,1092,1052,1041,1059,1068,1068,1094,1099,1152
E09000007,Camden,1285,1176,1029,835,764,700,657,575,526,504,479,468,443,433,407,392,367,341,342,330,318,301,289,273,263,252,243,245,234,223,214,210,212,210,214,200,194,200
E09000001,City of London,170,175,153,106,102,99,92,81,77,68,70,66,66,61,46,43,62,60,59,56,41,40,29,28,27,26,23,19,15,16,17,16,17,14,15,15,10,10
E09000012,Hackney,427,403,407,275,249,211,208,186,158,161,139,129,122,118,101,90,83,77,109,63,57,51,43,40,40,37,38,36,35,34,32,27,31,32,29,31,32,32
E09000013,Hammersmith and Fulham,1255,1180,1004,853,818,655,491,409,343,248,255,239,228,206,193,187,172,110,106,99,85,74,72,70,64,53,46,44,48,45,45,47,49,55,49,53,52,54
E09000014,Haringey,720,652,578,467,449,403,368,308,281,255,234,217,206,192,189,174,168,150,147,140,134,117,110,100,86,80,73,69,67,68,70,65,64,68,65,64,59,71
E09000019,Islington,691,602,547,433,401,489,459,431,417,387,233,220,206,195,192,181,183,160,159,178,227,221,219,153,113,78,75,72,71,69,65,69,71,74,79,78,84,83
E09000020,Kensington and Chelsea,1068,996,884,758,712,678,607,540,494,458,419,380,357,346,327,279,250,215,210,192,181,166,142,142,137,121,105,91,78,74,71,75,80,82,84,87,87,95
E09000022,Lambeth,614,570,503,400,381,363,333,300,262,238,211,206,195,183,170,157,143,133,139,137,130,122,118,112,104,104,102,100,99,100,100,103,105,108,107,108,109,114
E09000023,Lewisham,437,384,328,256,226,206,189,149,135,122,117,106,97,91,88,74,72,62,55,47,38,33,29,29,24,21,17,17,18,18,16,15,16,15,16,14,13,15
E09000025,Newham,355,293,240,173,157,137,123,97,86,80,76,70,67,67,60,65,53,44,43,39,35,31,27,21,10,13,13,11,11,11,11,9,10,9,10,9,11,10
E09000028,Southwark,925,809,706,613,571,528,496,433,376,325,299,273,233,231,219,209,204,199,179,161,155,155,150,140,133,120,123,119,119,117,114,110,108,107,103,109,112,116
E09000030,Tower Hamlets,627,495,407,300,280,210,200,169,171,154,147,131,140,115,104,91,77,78,77,71,72,68,61,58,55,53,48,39,35,36,26,21,23,24,26,43,44,47
E09000032,Wandsworth,1170,916,795,660,623,566,512,431,360,322,285,262,237,216,188,166,154,133,131,116,112,113,103,93,85,79,72,68,64,59,63,65,66,65,70,74,76,82
E09000033,Westminster,2110,1950,1717,1522,1451,1524,1178,1079,1069,922,875,847,812,767,670,587,497,498,441,375,352,329,315,310,305,278,260,243,226,222,208,209,207,205,201,209,216,223
E13000002,Outer London,16367,14245,11873,9495,8871,7912,7241,6127,5747,5301,4919,4614,4303,4130,4067,3637,3384,3002,2698,2553,2445,2185,1954,1768,1593,1431,1314,1197,1110,1027,985,977,932,912,894,892,892,894
E09000002,Barking and Dagenham,227,206,169,137,122,84,69,67,63,58,60,59,54,47,47,48,49,48,49,32,28,23,23,24,18,16,15,11,13,13,15,16,16,17,15,15,16,16
E09000003,Barnet,2085,1864,1619,1359,1291,1198,1139,960,892,798,742,701,668,638,615,583,562,481,429,398,358,337,277,253,228,206,185,171,154,146,134,128,121,125,125,123,128,131
E09000004,Bexley,413,361,320,266,254,219,195,169,168,146,133,125,109,100,93,86,79,65,64,55,46,42,38,36,36,28,31,27,32,20,19,17,19,17,17,15,14,15
E09000005,Brent,813,727,662,548,520,500,454,378,331,311,292,261,230,225,211,198,183,250,147,149,131,119,106,105,94,85,81,70,66,66,61,62,70,61,63,66,66,69
E09000006,Bromley,882,804,689,583,548,498,426,372,341,311,292,268,246,224,210,197,178,166,168,143,138,122,101,102,85,83,69,60,51,41,40,36,28,27,27,30,25,26
E09000008,Croydon,724,652,563,452,408,349,321,275,263,237,212,201,183,167,154,134,120,102,95,88,92,85,69,63,63,52,47,41,38,34,33,31,28,25,28,25,28,26
E09000009,Ealing,1274,1016,777,664,640,572,522,472,448,407,380,349,334,298,280,209,194,170,165,152,153,148,136,126,111,104,102,83,69,60,56,53,52,55,48,47,43,47
E09000010,Enfield,624,563,476,367,347,306,283,250,235,218,202,179,173,160,146,136,129,114,115,103,100,92,79,79,68,56,48,42,35,39,36,34,34,31,29,28,31,33
E09000011,Greenwich,515,465,407,342,316,275,239,208,191,180,164,152,138,124,110,90,81,78,76,66,64,61,58,44,39,36,33,30,26,24,21,25,23,22,19,15,15,18
E09000015,Harrow,701,620,550,467,446,383,352,290,270,237,215,199,188,183,167,158,131,110,97,87,78,64,58,52,42,37,32,29,28,28,26,24,20,21,20,19,14,11
E09000016,Havering,631,524,420,285,281,230,214,179,173,180,177,183,192,169,165,165,166,145,134,129,133,105,88,91,90,85,67,64,50,36,30,29,18,17,14,13,12,14
E09000017,Hillingdon,2911,2425,1686,1092,958,891,829,639,659,633,568,572,508,599,800,644,574,412,351,411,415,327,278,174,160,113,109,108,108,95,95,93,85,88,86,82,83,82
E09000018,Hounslow,811,757,701,597,578,533,507,464,456,437,425,409,402,390,358,340,347,327,327,327,318,305,310,316,304,300,290,290,288,283,285,288,286,280,280,288,297,287
E09000021,Kingston upon Thames,506,471,411,357,341,320,281,217,192,176,161,143,132,115,104,93,86,79,71,59,52,47,41,36,31,26,23,23,20,19,17,19,17,17,20,21,22,17
E09000024,Merton,824,733,636,531,482,397,365,292,263,246,227,220,211,192,163,152,143,128,95,65,60,53,52,43,41,37,30,30,28,22,21,23,22,22,20,21,21,22
E09000026,Redbridge,551,501,427,343,314,274,251,225,210,197,186,172,163,155,136,129,125,99,94,87,91,88,76,74,45,36,28,17,14,11,10,10,9,7,7,6,c,5
E09000027,Richmond upon Thames,1165,926,802,665,623,537,491,409,358,313,280,230,197,186,168,148,121,101,95,92,90,75,76,64,61,58,56,49,42,44,40,44,42,39,38,40,36,39
E09000029,Sutton,395,364,321,250,238,207,184,165,143,129,122,115,106,95,85,76,62,59,60,48,40,37,35,36,35,31,29,17,15,15,15,16,12,12,10,11,9,9
E09000031,Waltham Forest,315,266,237,190,164,139,119,96,91,87,81,76,69,63,55,51,54,68,66,62,58,55,53,50,42,42,39,35,33,31,31,29,30,29,28,27,29,27
NA,Local Authority unknown,62,62,56,58,56,54,52,54,54,55,53,52,53,54,52,51,49,49,47,45,53,47,46,47,47,44,42,38,38,39,39,40,39,39,38,37,39,39
E12000008,South East,56756,51205,38057,29528,26830,22453,18934,15767,14271,13242,12252,11202,10370,9466,8841,8059,7514,6772,6403,5891,5565,4975,4399,4022,3776,3398,3075,2676,2530,2340,2222,2318,2327,2344,2462,2522,2550,2571
E06000036,Bracknell Forest,360,330,284,219,204,185,163,142,138,132,124,105,96,89,83,70,64,61,60,55,55,51,48,45,50,50,46,47,37,34,31,31,31,31,30,30,31,34
E06000043,Brighton and Hove,590,529,457,379,357,317,281,228,213,190,188,164,149,144,138,130,117,110,101,91,86,77,67,61,58,43,45,33,33,31,28,24,26,23,23,16,17,18
E06000046,Isle of Wight,332,297,264,226,208,180,168,152,148,132,123,111,102,97,92,84,76,70,67,58,55,49,43,39,38,30,28,26,28,27,23,20,17,18,18,16,10,11
E06000035,Medway,645,603,500,408,378,329,309,274,243,236,203,197,184,155,152,140,132,105,98,96,89,79,72,66,65,56,60,21,15,14,14,13,16,14,14,12,11,11
E06000042,Milton Keynes,11735,10455,7104,4524,3377,2194,1763,1434,1259,1127,972,732,697,661,605,502,475,434,420,370,326,286,258,241,228,201,211,181,193,179,160,171,174,170,160,138,140,132
E06000044,Portsmouth,2511,1956,1344,784,631,486,372,253,157,128,119,102,93,85,68,70,65,61,59,50,49,46,40,44,37,38,31,35,28,28,29,25,24,28,28,28,31,27
E06000038,Reading,308,302,253,210,209,193,172,149,132,113,106,98,88,80,74,66,62,57,52,46,47,37,32,32,29,23,20,17,17,14,13,11,11,8,7,7,7,8
E06000039,Slough,9198,7714,5779,4290,3672,2766,1468,1023,953,933,910,864,783,787,792,796,794,759,717,689,732,607,473,350,277,232,196,159,145,130,127,125,121,136,118,109,99,92
E06000045,Southampton,392,363,323,291,278,236,207,180,175,151,128,128,136,101,92,69,69,62,59,58,55,51,45,47,71,98,50,43,43,34,32,25,22,26,23,22,27,32
E06000037,West Berkshire,686,639,574,502,468,398,363,309,278,244,242,228,205,193,180,165,158,157,148,145,128,105,88,82,73,70,64,61,55,40,38,40,34,30,30,30,30,31
E06000040,Windsor and Maidenhead,4216,3694,526,454,445,403,371,310,280,279,265,250,235,225,208,191,175,146,133,116,124,122,137,144,132,113,104,68,57,42,42,42,46,46,51,55,46,45
E06000041,Wokingham,752,685,608,534,508,441,381,309,270,247,223,212,189,174,158,140,118,105,96,87,85,85,83,87,83,74,71,63,60,55,49,26,26,25,24,24,22,20
E10000002,Buckinghamshire,2946,2727,2466,2219,2167,1960,1793,1535,1373,1271,1147,1120,1009,909,770,666,602,527,448,391,327,292,233,192,168,143,128,105,93,71,63,54,48,42,41,41,36,37
E07000004,Aylesbury Vale,754,679,600,506,486,420,390,350,327,308,288,260,244,228,196,174,165,137,121,111,95,82,66,52,39,32,23,19,16,16,12,9,8,6,8,7,c,c
E07000005,Chiltern,546,503,441,399,372,334,299,257,234,213,188,168,154,140,135,115,107,89,82,73,62,53,42,38,35,28,25,20,20,20,19,18,16,13,15,16,15,15
E07000006,South Bucks,451,404,361,316,313,283,259,206,183,174,162,138,128,116,105,90,85,76,70,65,60,57,44,32,27,23,23,17,16,14,13,12,10,10,10,11,11,13
E07000007,Wycombe,1195,1141,1064,998,996,923,845,721,628,575,508,553,482,423,332,285,243,223,173,140,108,98,79,68,65,58,55,47,39,19,17,13,12,11,6,5,c,c
NA,Local Authority District unknown,0,0,0,0,0,0,0,c,c,c,c,c,c,c,c,c,c,c,c,c,c,c,c,c,c,c,c,c,c,c,c,c,c,c,c,c,c,c
E10000011,East Sussex,1477,1350,1211,1037,995,886,815,714,607,557,508,478,470,450,443,412,374,332,321,284,272,245,207,188,168,149,130,111,92,84,76,70,69,65,63,63,68,68
E07000061,Eastbourne,152,133,106,89,85,75,65,54,55,48,44,47,45,41,39,39,31,32,33,34,36,31,21,23,17,15,12,10,7,8,9,10,8,8,8,7,9,9
E07000062,Hastings,121,106,84,76,74,68,67,63,56,57,48,52,57,58,59,56,54,50,51,42,42,38,34,30,29,29,26,20,16,11,11,9,8,8,10,11,10,10
E07000063,Lewes,314,288,261,225,217,186,169,142,128,119,107,97,97,96,92,81,72,63,65,60,56,54,45,40,38,37,35,34,28,27,24,22,22,21,19,18,18,19
E07000064,Rother,320,300,274,242,235,214,196,178,116,97,94,82,82,80,77,71,69,56,56,42,41,33,31,28,21,18,14,11,6,6,5,5,5,6,6,6,9,8
E07000065,Wealden,570,523,486,405,384,343,318,277,252,236,215,200,189,175,176,165,148,131,116,106,97,89,76,67,63,50,43,36,35,32,27,24,26,22,20,21,22,22
E10000014,Hampshire,5069,4873,4183,3594,3503,3109,2743,2330,2187,2090,1981,1861,1768,1508,1452,1321,1252,1127,1129,1079,1023,979,958,969,952,908,859,836,829,812,812,999,1057,1095,1155,1254,1329,1416
E07000084,Basingstoke and Deane,571,540,458,398,378,328,294,233,218,205,186,173,159,140,126,116,108,102,94,84,76,70,66,70,67,59,48,45,36,22,22,19,13,17,14,14,14,14
E07000085,East Hampshire,570,530,459,385,356,321,284,241,220,203,192,176,164,151,141,130,118,105,99,91,83,70,65,59,56,44,40,26,23,24,21,16,14,11,10,11,12,11
E07000086,Eastleigh,358,351,297,242,242,208,184,163,153,166,156,137,164,120,119,91,78,66,70,57,59,55,50,45,41,31,23,21,17,10,8,9,10,8,9,8,7,8
E07000087,Fareham,351,296,258,218,210,199,178,165,150,113,109,100,89,88,86,76,74,69,59,53,47,43,42,41,40,34,29,27,23,15,17,14,13,11,12,11,11,10
E07000088,Gosport,89,77,61,54,54,49,47,42,38,34,34,29,27,26,23,20,18,14,12,12,12,12,12,10,9,8,10,7,5,c,c,c,c,c,c,c,5,5
E07000089,Hart,374,338,310,273,258,234,214,181,169,160,148,141,131,124,119,110,101,88,103,94,84,85,77,75,74,71,67,66,68,65,63,59,59,59,60,64,63,57
E07000090,Havant,278,246,222,190,177,145,132,116,118,109,100,100,94,84,82,72,61,55,67,68,69,62,61,56,53,47,42,30,29,22,21,14,10,9,10,12,14,15
E07000091,New Forest,610,552,488,406,384,320,281,225,217,202,186,174,169,147,134,125,127,111,107,103,81,73,66,63,62,61,57,51,44,35,30,28,29,25,22,21,20,22
E07000092,Rushmoor,696,877,705,572,589,560,459,418,415,449,452,450,422,320,336,336,336,321,342,363,360,383,406,448,458,468,470,500,538,578,594,801,878,923,988,1083,1158,1248
E07000093,Test Valley,488,435,364,390,398,362,329,278,249,230,212,201,181,168,151,126,124,97,87,69,70,59,56,51,47,43,37,34,24,20,18,19,16,17,17,15,14,14
E07000094,Winchester,680,627,559,464,455,381,339,266,238,217,204,178,164,137,132,117,105,96,86,82,79,64,54,48,42,39,33,26,19,14,12,13,8,8,7,8,8,9
NA,Local Authority District unknown,c,c,c,c,c,c,c,c,c,c,c,c,c,c,c,c,c,c,c,c,c,c,c,c,c,c,c,c,c,c,c,c,c,c,c,c,c,c
E10000016,Kent,3720,3365,2941,2452,2333,2056,1892,1650,1529,1438,1362,1247,1188,1101,1032,963,884,775,728,659,625,548,475,424,385,312,270,225,213,192,179,167,148,141,139,136,139,132
E07000105,Ashford,340,305,254,198,192,164,155,147,133,119,117,113,108,96,91,84,72,64,59,54,53,47,42,35,31,26,25,18,16,13,10,9,8,7,9,9,8,7
E07000106,Canterbury,395,354,320,257,250,219,208,190,181,168,156,133,121,109,97,89,84,85,84,76,74,59,54,52,51,43,33,26,27,26,29,26,27,23,23,21,21,20
E07000107,Dartford,233,211,183,156,142,130,118,104,99,96,86,77,74,64,63,62,62,57,49,43,41,32,30,26,30,20,20,18,16,13,12,10,10,8,8,c,c,6
E07000108,Dover,215,197,177,153,147,126,119,105,94,87,82,67,62,67,61,60,54,48,43,41,41,37,27,24,24,20,18,15,15,14,14,13,12,10,9,9,13,14
E07000112,Folkestone and Hythe,189,166,144,129,125,109,99,85,75,75,73,70,68,62,59,57,55,48,47,47,46,43,39,37,35,32,29,25,25,23,20,19,17,14,16,17,18,17
E07000109,Gravesham,144,133,119,93,86,76,71,64,59,57,54,50,52,53,47,43,37,29,22,20,17,15,12,9,8,8,7,6,5,5,c,5,5,5,5,5,c,5
E07000110,Maidstone,433,411,346,258,239,210,201,167,161,147,134,118,116,104,104,90,81,74,71,63,62,53,46,40,33,22,16,17,17,14,12,12,11,11,10,11,7,7
E07000111,Sevenoaks,491,453,402,345,327,287,256,208,188,178,166,158,148,131,121,114,107,92,89,78,71,65,52,50,42,38,33,32,27,24,21,23,18,17,15,17,19,18
E07000113,Swale,224,196,172,146,146,128,114,96,87,80,72,65,64,61,53,44,44,42,38,33,31,27,26,23,20,16,14,12,15,12,10,9,8,10,10,13,15,10
E07000114,Thanet,249,216,184,160,146,131,122,117,110,107,103,101,96,87,85,88,81,73,69,62,59,55,48,43,32,26,24,18,15,14,13,11,5,7,7,6,7,6
E07000115,Tonbridge and Malling,419,370,333,284,277,253,235,197,188,182,182,162,150,146,132,121,103,79,77,70,62,55,49,39,38,25,20,13,12,11,11,10,10,12,11,11,12,10
E07000116,Tunbridge Wells,388,353,307,273,256,223,194,170,154,142,137,133,129,121,119,111,104,84,80,72,68,60,50,46,41,36,31,25,23,23,23,20,17,17,16,13,11,12
E10000025,Oxfordshire,3597,3810,2633,2200,2125,1892,1651,1375,1217,1120,1032,899,739,642,598,542,495,460,423,398,352,321,288,263,270,250,229,172,156,138,114,118,106,104,216,216,189,148
E07000177,Cherwell,1336,1723,818,654,655,587,514,418,372,342,308,251,167,125,121,113,106,101,88,101,96,90,87,77,91,92,96,56,59,45,33,28,26,27,138,138,108,67
E07000178,Oxford,509,472,424,340,328,279,231,205,188,164,151,134,116,101,95,85,83,80,71,61,54,53,49,42,44,43,40,39,34,33,31,31,28,26,26,23,22,21
E07000179,South Oxfordshire,739,671,580,517,494,465,415,333,280,260,246,224,192,175,160,145,129,118,112,99,90,79,68,60,53,43,36,27,20,18,17,18,15,14,13,13,13,13
E07000180,Vale of White Horse,616,576,492,418,388,338,298,260,233,220,202,188,168,155,142,122,107,101,91,82,71,61,54,54,52,42,30,28,22,22,17,21,20,22,24,25,27,26
E07000181,West Oxfordshire,397,368,319,271,260,223,193,159,144,134,125,102,96,86,80,77,70,60,61,55,41,38,30,30,30,30,27,22,21,20,16,20,17,15,15,17,19,21
E10000030,Surrey,5728,5269,4680,3587,3436,3031,2749,2316,2110,1931,1767,1614,1506,1383,1259,1146,1061,946,904,814,760,673,578,495,473,428,370,328,293,284,271,250,254,252,236,241,235,231
E07000207,Elmbridge,911,851,756,649,617,549,486,418,388,333,314,278,264,244,225,198,185,174,192,177,172,154,123,111,105,92,68,63,41,42,46,43,43,47,37,35,22,23
E07000208,Epsom and Ewell,262,252,215,190,185,154,130,113,97,86,78,73,65,65,62,56,60,50,44,41,38,33,33,29,28,26,22,17,14,15,12,9,9,8,8,9,9,9
E07000209,Guildford,639,600,519,422,411,371,340,282,250,223,199,183,171,152,139,122,114,103,90,75,70,59,54,46,47,40,35,29,20,16,14,12,11,7,6,6,7,6
E07000210,Mole Valley,1039,936,887,327,307,263,234,191,179,170,151,143,132,118,101,91,79,74,71,64,55,47,41,36,35,31,29,23,19,18,19,16,15,14,14,16,17,16
E07000211,Reigate and Banstead,537,457,397,346,329,281,263,230,201,193,175,167,156,147,140,139,120,103,97,91,83,79,69,59,55,49,45,38,37,39,34,32,33,34,35,35,36,36
E07000212,Runnymede,305,278,252,219,219,199,187,157,150,141,133,126,119,111,96,89,81,72,68,52,48,49,38,36,33,32,32,29,29,24,23,22,22,20,22,26,26,25
E07000213,Spelthorne,276,253,221,189,183,156,141,120,104,94,83,77,79,71,66,64,59,44,43,32,30,22,15,10,9,8,8,7,10,8,10,8,6,6,7,7,5,c
E07000214,Surrey Heath,393,374,301,257,241,214,192,162,151,145,128,118,111,100,91,83,79,72,61,55,52,40,35,26,26,23,20,19,20,22,17,17,20,21,14,16,14,16
E07000215,Tandridge,339,317,272,230,224,197,177,142,125,115,108,98,88,80,76,70,64,52,46,37,33,27,21,15,9,9,7,c,c,c,5,c,6,6,6,5,5,c
E07000216,Waverley,672,617,557,488,457,414,391,336,310,285,260,234,216,201,175,159,157,147,139,131,123,114,109,101,101,97,88,85,84,83,80,80,80,78,78,74,82,82
E07000217,Woking,354,333,302,269,262,232,207,164,153,144,137,116,104,92,86,74,62,54,52,58,55,48,39,25,24,20,15,13,15,12,10,6,7,9,8,11,11,10
NA,Local Authority District unknown,c,c,c,c,c,c,c,c,c,c,c,c,c,c,c,c,c,c,c,c,c,c,c,c,c,c,c,c,c,c,c,c,c,c,c,c,c,c
E10000032,West Sussex,2485,2237,1919,1610,1529,1384,1266,1077,995,916,845,785,727,676,639,579,534,471,433,398,368,315,267,246,212,173,156,138,137,125,115,101,91,84,80,78,76,71
E07000223,Adur,158,146,125,93,86,86,90,80,73,57,55,52,46,43,41,37,30,27,24,25,24,19,16,13,6,c,c,c,c,c,c,c,c,c,c,c,c,c
E07000224,Arun,278,258,214,174,167,148,131,114,102,99,98,88,85,77,82,77,73,61,54,49,51,46,38,35,27,27,22,18,14,10,10,8,5,c,c,c,6,6
E07000225,Chichester,499,433,368,303,286,258,225,193,177,164,139,130,119,113,107,87,81,66,67,59,54,44,39,35,30,23,25,22,27,27,20,20,19,16,14,13,12,8
E07000226,Crawley,219,200,175,154,148,129,107,88,86,81,80,79,79,75,69,70,69,69,70,70,55,47,42,48,43,37,33,29,29,25,25,20,20,17,17,16,16,16
E07000227,Horsham,584,532,469,399,368,323,298,247,229,206,196,173,156,137,128,116,101,81,68,58,56,49,41,38,35,26,23,19,17,18,19,13,14,14,14,15,13,12
E07000228,Mid Sussex,542,486,416,357,343,322,296,250,229,210,191,178,164,157,144,133,123,118,107,95,91,82,65,53,48,41,39,38,39,32,31,30,25,26,24,23,21,20
E07000229,Worthing,204,181,151,129,130,117,118,104,98,98,85,84,77,73,67,58,56,48,42,40,36,27,25,23,22,14,12,10,9,10,7,6,6,5,5,5,5,7
NA,Local Authority District unknown,c,c,c,c,c,c,c,c,c,c,c,c,c,c,c,c,c,c,c,c,c,c,c,c,c,c,c,c,c,c,c,c,c,c,c,c,c,c
NA,Local Authority unknown,9,7,8,8,7,7,7,7,7,7,7,7,6,6,6,7,7,7,7,7,7,7,7,7,7,7,7,7,6,6,6,6,6,6,6,6,7,7
E12000009,South West,34920,27964,22678,16690,14905,11554,9821,8555,7828,7345,6801,5327,5001,4550,4327,3987,3760,3439,3275,3039,2949,2750,2566,2355,2222,2104,1996,1827,1695,1518,1424,1325,1190,1043,958,901,872,847
E06000022,Bath and North East Somerset,755,679,609,520,486,431,382,310,275,242,228,201,181,172,143,119,108,100,90,79,66,61,53,52,45,41,32,27,22,18,18,14,14,14,12,14,14,17
E06000058,"Bournemouth, Christchurch and Poole",952,858,757,645,627,560,520,437,416,406,382,358,335,312,318,291,274,241,222,191,178,157,140,126,115,101,94,77,64,47,47,49,48,45,48,49,43,44
E06000023,"Bristol, City of",1192,1117,933,785,723,629,544,458,410,382,360,347,319,270,268,273,252,219,208,196,196,178,174,159,155,128,114,92,79,50,44,38,35,39,37,35,31,31
E06000052,Cornwall,1387,1264,1105,925,894,808,752,671,623,572,544,500,486,451,432,407,401,358,345,322,314,297,273,261,241,222,214,204,195,185,167,147,119,97,87,74,71,65
E06000059,Dorset,1207,1104,985,825,783,692,615,526,480,444,411,395,380,352,335,312,283,251,234,210,190,176,157,147,135,126,125,115,104,102,99,105,93,84,70,65,60,53
E06000053,Isles of Scilly,42,37,36,35,37,57,57,58,58,57,56,56,54,53,53,51,51,51,51,50,50,53,53,51,50,48,47,50,48,48,48,48,46,46,45,43,39,37
E06000024,North Somerset,769,679,599,517,482,421,392,328,315,305,282,265,250,227,208,195,173,171,157,135,120,99,95,88,76,71,68,64,63,53,47,43,40,37,36,35,29,28
E06000026,Plymouth,307,260,208,168,159,139,126,115,103,93,90,89,77,64,58,57,53,49,45,40,44,42,38,35,32,31,32,27,24,24,22,17,15,16,14,10,9,7
E06000025,South Gloucestershire,7102,3893,1941,1144,1007,799,673,549,467,440,408,383,348,322,282,210,182,150,136,123,117,98,88,71,65,60,48,48,45,47,46,38,37,36,34,36,33,33
E06000030,Swindon,9977,8240,4917,3232,2262,1240,697,561,510,376,346,326,306,255,257,248,270,311,330,366,428,478,490,517,546,571,590,595,567,490,453,398,321,212,159,105,94,84
E06000027,Torbay,233,218,194,160,147,127,116,102,93,84,72,63,57,57,54,46,47,46,46,42,38,35,30,25,21,16,15,14,15,12,12,12,12,11,11,12,11,11
E06000054,Wiltshire,4667,1607,1379,1190,1119,997,909,754,706,694,670,624,601,544,560,522,500,449,431,404,385,349,314,225,201,186,163,114,109,105,94,99,102,99,98,99,98,98
E10000008,Devon,2308,2116,1702,1427,1360,1151,1005,847,779,744,694,640,584,540,505,450,416,372,363,345,313,272,259,238,204,187,173,151,130,118,113,107,102,99,98,110,115,113
E07000040,East Devon,426,385,332,279,263,225,198,168,148,143,127,118,107,106,100,86,81,75,74,71,60,51,49,41,33,30,27,25,21,17,15,13,12,11,10,10,11,12
E07000041,Exeter,423,436,274,205,215,170,134,123,115,104,101,94,87,76,75,69,64,59,63,62,56,50,47,43,39,35,33,25,18,15,14,17,15,17,16,17,15,17
E07000042,Mid Devon,182,150,139,129,127,116,102,87,86,73,70,64,52,49,44,38,40,33,29,26,24,21,18,16,13,10,7,6,5,6,7,c,c,5,6,7,8,8
E07000043,North Devon,212,193,159,142,135,108,102,79,68,67,68,68,60,53,52,51,41,40,38,29,27,22,24,24,23,23,22,19,21,20,20,18,18,15,12,10,11,7
E07000044,South Hams,350,314,270,228,209,184,163,132,113,107,93,87,85,84,74,67,66,59,57,55,50,42,38,35,30,25,22,25,22,22,23,23,21,21,20,24,25,24
E07000045,Teignbridge,442,402,327,276,261,220,189,161,153,159,147,137,126,107,100,86,77,66,63,61,56,52,49,45,35,38,38,31,24,21,20,20,21,21,23,29,31,31
E07000046,Torridge,133,114,98,84,77,70,64,53,54,53,52,41,39,38,33,27,23,20,20,23,24,22,23,24,21,19,15,11,11,10,9,7,6,c,5,7,7,8
E07000047,West Devon,140,122,102,83,72,58,53,44,42,38,36,31,28,27,27,26,24,20,19,18,16,12,11,10,10,7,9,9,8,7,5,5,5,5,6,6,7,6
NA,Local Authority District unknown,0,0,c,c,c,0,0,0,0,0,0,0,0,0,0,0,0,0,0,0,0,0,0,0,0,0,0,0,0,0,0,0,0,0,0,0,0,0
E10000013,Gloucestershire,2572,4593,6161,4136,3904,2699,2303,2197,2013,1976,1776,647,619,569,520,498,456,407,372,315,304,273,234,212,197,192,172,160,149,145,137,136,137,135,134,135,141,144
E07000078,Cheltenham,309,294,243,205,193,173,150,128,110,101,94,89,84,74,65,61,52,45,43,37,34,34,24,24,21,18,15,19,16,16,17,15,13,12,13,12,11,11
E07000079,Cotswold,366,323,283,239,222,195,173,141,124,115,106,97,91,87,78,71,60,56,49,47,41,34,30,25,21,22,22,21,24,23,23,25,32,33,33,34,41,47
E07000080,Forest of Dean,735,2912,4640,2881,2748,1664,1400,1397,116,99,97,86,81,73,63,58,49,41,35,33,31,28,24,21,19,19,14,10,12,10,8,9,10,9,9,9,8,8
E07000081,Gloucester,295,274,287,229,204,177,158,186,1359,1386,1227,147,152,141,131,131,122,98,86,52,69,60,49,43,40,41,33,23,15,15,17,15,12,10,9,13,12,12
E07000082,Stroud,539,492,445,368,341,302,259,212,190,170,152,139,124,112,106,103,99,97,90,79,71,65,57,54,48,44,43,41,34,33,29,30,28,28,28,28,28,28
E07000083,Tewkesbury,328,297,262,213,195,187,162,132,113,103,99,89,87,82,77,74,74,70,69,67,58,52,50,45,48,48,45,46,48,48,43,42,42,43,42,39,41,38
NA,Local Authority District unknown,0,c,c,c,c,c,c,c,c,c,c,0,0,0,0,0,0,0,0,0,0,0,0,0,0,0,0,0,0,0,0,0,0,0,0,0,0,0
E10000027,Somerset,1444,1295,1147,976,910,800,727,638,575,524,476,427,398,357,329,303,289,258,239,215,200,177,163,143,134,119,104,84,76,68,71,68,64,68,70,74,79,77
E07000187,Mendip,399,362,325,275,254,224,199,172,159,142,121,104,95,86,70,60,50,42,41,37,36,32,26,24,22,20,13,9,9,8,8,10,10,12,11,8,7,8
E07000188,Sedgemoor,259,218,187,161,149,126,112,105,89,80,80,71,65,58,49,43,44,38,34,30,27,21,21,19,17,14,13,12,10,8,8,7,6,6,6,8,7,7
E07000246,Somerset West and Taunton,347,318,276,230,212,187,169,146,134,126,117,111,102,98,97,91,88,77,71,55,53,47,46,36,35,29,27,23,22,24,27,22,19,20,22,23,24,22
E07000189,South Somerset,439,397,359,310,295,263,247,215,193,176,158,141,136,115,113,109,107,101,93,93,84,77,70,64,60,56,51,40,35,28,28,29,29,30,31,35,41,40
NA,Local Authority unknown,6,c,5,5,5,c,c,c,5,6,6,6,6,5,5,5,5,6,6,6,6,5,5,5,5,5,5,5,5,6,6,6,5,5,5,5,5,5
W92000004,Wales,5389,4641,4009,3637,3308,2696,2434,2112,1936,1827,1720,1649,1549,1404,1384,1291,1246,1122,1085,988,919,823,745,679,615,524,435,365,330,298,285,267,247,227,235,228,225,212
W06000014,Vale of Glamorgan,296,257,225,201,184,170,164,139,129,122,112,105,101,99,95,85,80,73,76,62,56,50,48,40,35,31,29,26,24,24,26,25,24,22,23,21,24,23
W06000001,Isle of Anglesey,113,99,89,75,73,75,65,59,59,52,48,49,42,37,43,39,38,37,33,30,28,27,23,21,21,17,14,14,8,8,5,c,c,c,c,c,5,c
W06000002,Gwynedd,183,151,130,117,116,102,91,84,77,72,63,63,60,53,54,49,48,40,38,35,31,27,26,17,13,10,10,8,7,6,6,7,7,7,6,7,6,5
W06000003,Conwy,190,156,132,106,107,89,81,77,71,71,67,64,65,63,66,60,60,54,56,51,49,46,39,35,31,24,15,14,15,12,12,10,8,5,8,8,7,8
W06000004,Denbighshire,153,130,111,95,90,86,78,66,60,55,46,46,41,33,31,34,35,34,34,31,27,27,24,21,16,15,10,9,11,11,11,10,9,10,11,12,12,11
W06000005,Flintshire,215,191,179,154,146,130,118,101,96,98,90,86,89,85,85,75,69,57,52,53,51,49,44,35,35,29,22,18,17,17,15,13,12,12,11,9,11,11
W06000006,Wrexham,171,146,126,107,104,93,87,79,76,72,64,59,58,55,47,38,36,31,31,30,26,24,22,17,16,8,8,6,5,5,6,c,5,c,c,c,5,c
W06000023,Powys,267,242,217,181,171,153,139,121,103,91,86,82,75,69,65,60,55,51,50,43,42,39,35,34,34,30,31,28,24,23,25,25,25,25,26,22,13,14
W06000008,Ceredigion,133,112,93,73,70,56,50,40,37,31,28,22,24,24,21,24,21,18,18,16,13,11,11,11,11,10,9,8,7,5,c,6,6,6,6,7,7,7
W06000009,Pembrokeshire,241,216,183,138,133,110,95,81,73,68,70,68,68,62,55,55,52,48,46,41,40,42,36,36,33,29,27,24,19,15,13,14,11,7,9,9,9,9
W06000010,Carmarthenshire,291,259,218,178,169,149,129,109,105,106,103,94,91,85,90,82,85,77,80,79,73,64,54,55,50,43,37,30,25,24,23,20,18,16,17,13,12,10
W06000011,Swansea,918,774,696,584,540,438,385,338,291,263,254,248,207,150,145,135,139,131,125,118,94,82,77,76,67,59,44,35,31,26,24,21,22,21,23,24,24,21
W06000012,Neath Port Talbot,126,105,89,74,67,53,52,47,42,43,43,42,43,41,43,40,37,36,36,32,33,31,26,24,19,16,14,10,9,6,c,c,c,c,c,c,c,c
W06000013,Bridgend,391,331,261,177,160,126,108,82,75,69,70,67,63,57,58,51,51,42,41,37,39,30,25,23,14,12,8,7,6,c,c,c,c,c,c,c,5,c
W06000015,Cardiff,627,517,444,356,331,287,255,234,220,212,198,191,178,172,170,171,164,145,128,123,120,102,89,83,84,77,68,60,57,56,55,54,51,49,49,51,50,49
W06000016,Rhondda Cynon Taf,209,184,162,470,310,113,104,87,85,89,82,83,82,76,75,72,66,61,58,47,44,39,37,32,25,22,19,14,12,8,11,10,7,6,c,c,c,5
W06000024,Merthyr Tydfil,35,30,27,26,25,26,22,20,17,15,14,14,11,8,7,5,c,c,c,c,c,c,c,c,c,c,c,c,c,c,c,c,c,c,c,c,c,0
W06000018,Caerphilly,157,137,120,102,103,89,82,78,70,59,51,47,44,46,46,43,44,46,44,37,34,31,30,22,20,18,13,9,9,8,6,c,c,c,c,c,c,c
W06000019,Blaenau Gwent,44,43,33,25,22,19,19,16,15,14,11,7,5,c,c,c,c,c,5,c,c,c,c,c,c,c,c,c,c,c,c,c,c,0,c,c,0,0
W06000020,Torfaen,95,81,74,62,65,52,54,42,39,38,37,35,33,30,27,22,25,23,23,21,21,16,15,15,14,11,6,c,c,c,c,5,c,c,c,c,c,c
W06000021,Monmouthshire,283,247,215,192,182,155,143,119,111,108,104,98,94,83,81,77,63,44,41,35,34,26,27,27,25,21,14,11,9,8,7,7,6,6,5,c,c,c
W06000022,Newport,245,227,178,137,134,120,108,87,79,73,73,74,67,66,70,64,61,57,57,52,48,42,40,38,34,25,23,18,18,15,11,7,8,8,9,11,11,10
NA,Local Authority unknown,6,6,7,7,6,5,5,6,6,6,6,5,8,8,8,8,9,9,9,8,9,10,10,11,11,11,11,10,11,11,11,11,11,11,11,9,10,10
S92000003,Scotland,17268,14808,11788,9131,8714,7529,6666,5820,5394,4877,4612,4182,3943,3625,3416,3081,2837,2554,2403,2206,2050,1858,1663,1571,1447,1265,1105,951,828,721,678,631,567,549,515,480,425,385
S12000033,Aberdeen City,474,436,364,303,311,269,245,219,210,195,177,168,165,154,143,124,120,109,107,93,82,77,67,59,53,46,37,26,22,23,17,13,15,14,17,17,17,16
S12000034,Aberdeenshire,757,662,587,500,467,404,358,319,296,266,249,236,217,201,187,157,135,114,102,93,85,82,69,61,53,46,40,34,25,23,21,21,20,19,18,18,16,13
S12000041,Angus,317,300,264,218,220,195,180,162,150,139,140,117,99,86,86,73,61,60,54,51,50,46,45,42,34,31,24,21,19,18,15,14,11,7,6,5,c,c
S12000035,Argyll and Bute,197,176,161,133,127,115,100,92,91,81,67,58,56,51,41,39,41,36,36,33,33,27,23,19,14,14,15,14,12,11,11,10,9,8,8,7,6,6
S12000036,City of Edinburgh,1467,1281,1104,923,888,773,696,597,554,504,475,442,403,379,342,300,254,230,210,188,166,144,126,123,113,89,84,73,73,62,63,56,52,52,50,41,35,37
S12000005,Clackmannanshire,84,77,65,56,52,44,41,41,39,39,39,38,35,34,35,32,28,30,23,22,16,14,12,11,10,10,8,7,7,6,6,6,6,6,6,c,c,c
S12000006,Dumfries and Galloway,229,207,173,147,138,108,97,92,79,69,57,53,53,43,36,32,30,24,23,21,18,20,18,17,16,14,10,9,8,7,7,6,6,7,8,10,8,5
S12000042,Dundee City,524,472,427,367,382,350,324,309,305,291,294,279,257,236,228,211,196,188,179,167,161,151,138,141,136,133,126,116,83,83,83,81,75,74,64,54,50,44
S12000008,East Ayrshire,240,210,177,142,135,116,102,101,90,80,75,60,60,54,50,48,42,33,31,32,28,22,19,17,14,13,15,12,9,10,8,6,6,6,6,8,8,7
S12000045,East Dunbartonshire,304,287,251,212,195,173,147,118,106,93,86,82,75,58,51,47,43,35,38,32,28,24,26,24,23,20,19,15,13,10,9,8,6,6,5,7,c,c
S12000010,East Lothian,391,361,307,249,232,213,178,152,134,116,106,98,94,87,78,62,54,47,44,43,40,32,33,28,22,18,18,13,12,11,9,9,9,9,10,11,9,10
S12000011,East Renfrewshire,332,287,254,216,217,189,167,147,142,128,117,103,102,91,86,73,59,52,44,43,39,32,28,19,17,17,11,10,7,5,c,c,c,c,c,c,c,c
S12000014,Falkirk,323,284,256,203,198,168,128,115,108,99,95,88,88,76,74,68,63,52,50,46,44,40,35,32,30,23,20,19,17,15,13,11,10,10,9,9,8,c
S12000047,Fife,874,795,705,615,598,531,471,405,385,360,359,323,309,289,277,252,236,216,193,169,159,127,112,100,88,81,71,62,56,53,52,53,49,48,40,39,32,30
S12000049,Glasgow City,1397,1012,811,545,514,381,344,303,298,289,282,265,240,225,220,206,189,182,175,171,209,224,204,217,218,176,158,152,143,111,115,111,97,98,85,75,70,71
S12000017,Highland,535,457,408,329,316,280,244,211,196,177,153,127,116,103,95,88,81,78,74,63,59,55,43,39,42,32,34,32,31,26,26,23,21,21,21,22,19,17
S12000018,Inverclyde,128,113,100,94,89,70,69,60,58,40,35,35,33,31,28,21,19,21,17,17,15,13,14,13,14,12,10,7,7,7,6,6,6,5,5,5,5,5
S12000019,Midlothian,280,263,220,189,184,157,143,132,125,107,105,91,84,75,71,64,64,52,54,47,45,50,38,39,32,31,28,20,14,14,12,10,8,6,6,5,c,c
S12000020,Moray,161,134,112,88,92,75,62,55,53,46,43,38,32,29,28,24,20,16,15,15,14,14,13,15,17,14,10,11,12,11,8,8,6,6,6,7,6,c
S12000013,Na h-Eileanan Siar,42,39,35,34,32,28,24,21,15,14,13,11,11,9,10,10,9,8,8,8,6,5,5,c,c,c,c,c,c,c,c,c,c,c,c,c,c,c
S12000021,North Ayrshire,169,137,117,100,97,74,70,65,60,57,55,53,51,47,43,41,48,45,44,45,46,41,38,36,30,27,18,11,12,10,7,10,6,6,5,5,c,c
S12000050,North Lanarkshire,392,341,273,227,228,203,175,166,163,160,153,144,143,134,131,121,123,116,105,97,98,87,75,76,67,63,50,39,39,33,31,30,25,22,22,24,25,23
S12000023,Orkney Islands,266,250,234,226,221,212,210,203,198,191,186,173,162,153,140,122,105,96,89,81,76,67,62,58,50,44,36,28,22,9,8,c,c,c,c,c,c,c
S12000048,Perth and Kinross,483,434,393,328,316,272,247,215,198,182,171,160,159,133,127,112,101,90,88,73,61,52,41,37,34,30,26,25,21,18,18,16,14,13,14,14,12,c
S12000038,Renfrewshire,4254,3516,2076,1148,1014,869,729,567,437,328,300,253,236,225,220,206,202,168,165,151,92,87,76,66,53,48,38,39,35,32,27,26,24,23,24,21,20,17
S12000026,Scottish Borders,344,304,261,220,210,197,181,156,153,140,130,112,105,93,82,73,69,64,68,63,59,51,49,47,47,43,41,33,29,28,25,21,19,19,17,15,14,13
S12000027,Shetland Islands,46,37,29,26,26,24,21,19,17,19,20,18,17,16,17,16,15,12,11,9,10,5,5,5,5,5,c,c,c,c,c,c,5,5,c,c,c,c
S12000028,South Ayrshire,230,203,173,134,135,115,105,90,82,78,69,58,55,51,48,47,54,46,47,48,47,39,36,33,33,31,27,23,20,17,14,13,11,9,8,5,5,5
S12000029,South Lanarkshire,601,533,462,390,376,338,299,259,248,240,219,190,196,196,188,183,168,149,144,134,129,122,111,96,87,74,61,39,33,28,24,20,16,16,12,13,12,11
S12000030,Stirling,939,774,623,457,400,310,257,204,189,149,144,134,130,124,122,112,98,82,67,57,50,35,32,32,33,27,23,24,20,18,16,15,13,11,11,10,8,c
S12000039,West Dunbartonshire,115,95,81,71,73,64,58,53,51,46,43,40,36,30,29,29,28,26,27,24,12,11,12,11,10,9,8,8,5,c,c,c,c,c,5,5,c,c
S12000040,West Lothian,369,326,281,236,226,207,189,168,160,151,150,130,118,107,99,83,77,71,65,64,60,57,53,49,43,35,26,18,11,8,10,10,7,7,7,7,6,6
NA,Local Authority unknown,c,5,c,5,5,5,5,c,c,c,5,5,6,5,c,5,5,6,6,6,13,5,5,5,5,5,5,c,c,c,c,c,c,c,8,7,7,7
N92000002,Northern Ireland,2957,2549,2116,1720,1611,1390,1309,1213,1148,1075,1025,986,932,867,797,764,747,686,673,633,619,543,504,460,420,352,308,253,252,217,193,172,140,138,123,107,92,87
N09000001,Antrim and Newtownabbey,288,239,210,183,180,152,142,131,141,132,125,125,114,112,101,96,99,80,76,71,72,67,61,53,49,40,31,27,24,20,17,15,14,12,10,8,12,13
N09000011,Ards and North Down,239,218,194,172,171,151,150,140,130,130,122,115,103,96,78,69,70,64,63,60,57,48,45,39,33,25,21,19,19,18,17,14,13,14,13,11,9,10
N09000002,"Armagh City, Banbridge and Craigavon",303,283,259,190,180,163,168,161,160,152,155,146,141,131,127,118,109,111,108,97,95,74,61,48,44,34,28,22,25,20,20,17,12,12,7,10,8,8
N09000003,Belfast,937,777,582,427,363,293,257,222,194,173,154,160,151,132,119,115,112,101,96,92,96,81,78,77,79,75,69,58,57,53,47,42,35,35,33,30,22,20
N09000004,Causeway Coast and Glens,127,106,96,86,87,80,74,71,65,59,56,54,50,45,40,42,42,34,34,35,35,32,30,28,31,29,24,18,14,12,10,9,8,8,7,5,5,5
N09000005,Derry City and Strabane,116,103,87,74,77,68,63,52,50,44,40,36,36,33,35,36,37,37,37,34,37,38,34,34,30,27,25,19,18,15,11,10,7,8,8,6,5,c
N09000006,Fermanagh and Omagh,84,74,63,58,54,49,45,43,43,39,38,39,39,42,43,42,43,42,41,43,43,33,31,29,28,22,20,18,16,14,14,13,13,13,11,8,5,c
N09000007,Lisburn and Castlereagh,264,224,191,165,155,138,129,122,110,106,101,93,90,85,76,69,68,54,52,45,42,40,39,38,34,29,25,17,20,16,15,15,12,11,10,9,9,9
N09000008,Mid and East Antrim,151,144,132,115,111,101,96,98,100,95,95,87,83,77,71,68,62,61,66,58,54,52,48,46,35,23,23,20,23,18,14,13,10,9,10,7,c,c
N09000009,Mid Ulster,129,115,104,99,96,80,77,74,67,56,53,48,48,39,40,39,39,37,36,32,27,22,22,20,17,12,12,9,10,9,8,8,8,8,7,7,7,7
N09000010,"Newry, Mourne and Down",175,153,133,118,116,102,101,95,85,86,82,80,74,72,64,65,59,53,53,51,46,42,41,37,35,32,27,23,23,19,17,13,7,7,7,6,6,5
NA,Local Authority unknown,144,113,65,33,21,13,7,c,c,c,c,c,c,c,c,5,7,12,11,15,15,14,14,11,5,c,c,c,c,c,c,c,c,c,0,0,0,0
NA,Vehicle under disposal,2400,2100,1926,1846,773,1387,1366,1318,1366,1124,999,1006,1090,969,962,985,984,884,671,470,496,441,384,375,416,382,485,556,476,441,442,549,484,530,341,447,367,244
NA,Region/County unknown,27,25,29,15,15,11,11,9,9,10,10,21,17,17,15,14,14,14,16,17,18,17,15,15,15,15,15,15,15,13,13,13,15,15,15,15,15,15
NA,NA,NA,NA,NA,NA,NA,NA,NA,NA,NA,NA,NA,NA,NA,NA,NA,NA,NA,NA,NA,NA,NA,NA,NA,NA,NA,NA,NA,NA,NA,NA,NA,NA,NA,NA,NA,NA,NA,NA
c. Value has been suppressed to avoid disclosing personal information.,NA,NA,NA,NA,NA,NA,NA,NA,NA,NA,NA,NA,NA,NA,NA,NA,NA,NA,NA,NA,NA,NA,NA,NA,NA,NA,NA,NA,NA,NA,NA,NA,NA,NA,NA,NA,NA,NA,NA
"1. Ultra low emission vehicles (ULEVs) are vehicles that are reported to emit less than 75g of carbon dioxide (CO2) from the tailpipe for every kilometre travelled. In practice, the term typically refers to battery electric, plug-in hybrid electric and fuel cell electric vehicles. These figures are subject to minor revision between quarterly publications when individual vehicles are reviewed against the criteria. See Notes and Definitions for more information on how reported emissions are calculated.",NA,NA,NA,NA,NA,NA,NA,NA,NA,NA,NA,NA,NA,NA,NA,NA,NA,NA,NA,NA,NA,NA,NA,NA,NA,NA,NA,NA,NA,NA,NA,NA,NA,NA,NA,NA,NA,NA,NA
"2. Vehicles are allocated to a local authority according to the postcode of the registered keeper. This is the keeper's address for privately owned vehicles or the company's registered address for company owned vehicles. The address does not necessarily reflect where the vehicle is located. This is especially true for large fleets kept by companies involved with vehicle management, leasing or rentals. Significant changes in the number of vehicles from year to year can often occur when these companies change their registered address.",NA,NA,NA,NA,NA,NA,NA,NA,NA,NA,NA,NA,NA,NA,NA,NA,NA,NA,NA,NA,NA,NA,NA,NA,NA,NA,NA,NA,NA,NA,NA,NA,NA,NA,NA,NA,NA,NA,NA
There are several hotspots of ULEVs registered to company addresses that distort the geographic distribution of these figures over time. Table VEH0132g should help illustrate whether any particular area is affected in the latest quarter.,NA,NA,NA,NA,NA,NA,NA,NA,NA,NA,NA,NA,NA,NA,NA,NA,NA,NA,NA,NA,NA,NA,NA,NA,NA,NA,NA,NA,NA,NA,NA,NA,NA,NA,NA,NA,NA,NA,NA
3. The exact geographical location of a vehicle registration cannot always be allocated due to the postcode being incomplete or invalid.,NA,NA,NA,NA,NA,NA,NA,NA,NA,NA,NA,NA,NA,NA,NA,NA,NA,NA,NA,NA,NA,NA,NA,NA,NA,NA,NA,NA,NA,NA,NA,NA,NA,NA,NA,NA,NA,NA,NA
NA,NA,NA,NA,NA,NA,NA,NA,NA,NA,NA,NA,NA,NA,NA,NA,NA,NA,NA,NA,NA,NA,NA,NA,NA,NA,NA,NA,NA,NA,NA,NA,NA,NA,NA,NA,NA,NA,NA,NA
Telephone: 020 7944 3077,NA,NA,NA,NA,NA,NA,NA,NA,NA,NA,NA,NA,NA,NA,NA,NA,NA,NA,NA,NA,NA,NA,NA,NA,NA,NA,NA,NA,NA,NA,NA,NA,NA,NA,NA,NA,NA,NA,NA
Email:vehicles.stats@dft.gov.uk,NA,NA,NA,NA,NA,NA,NA,NA,NA,NA,NA,NA,NA,NA,NA,NA,NA,NA,NA,NA,NA,NA,NA,NA,NA,NA,NA,NA,NA,NA,NA,NA,NA,NA,NA,NA,NA,NA,NA
Notes & definitions:https://www.gov.uk/government/publications/vehicles-statistics-guidance,NA,NA,NA,NA,NA,NA,NA,NA,NA,NA,NA,NA,NA,NA,NA,NA,NA,NA,NA,NA,NA,NA,NA,NA,NA,NA,NA,NA,NA,NA,NA,NA,NA,NA,NA,NA,NA,NA,NA
NA,NA,NA,NA,NA,NA,NA,NA,NA,NA,NA,NA,NA,NA,NA,NA,NA,NA,NA,NA,NA,NA,NA,NA,NA,NA,NA,NA,NA,NA,NA,NA,NA,NA,NA,NA,NA,NA,NA,NA
Source: DVLA/DfT,NA,NA,NA,NA,NA,NA,NA,NA,NA,NA,NA,NA,NA,NA,NA,NA,NA,NA,NA,NA,NA,NA,NA,NA,NA,NA,NA,NA,NA,NA,NA,NA,NA,NA,NA,NA,NA,NA,NA
Last updated: 15 July 2021,NA,NA,NA,NA,NA,NA,NA,NA,NA,NA,NA,NA,NA,NA,NA,NA,NA,NA,NA,NA,NA,NA,NA,NA,NA,NA,NA,NA,NA,NA,NA,NA,NA,NA,NA,NA,NA,NA,NA
Next update: September 2021,NA,NA,NA,NA,NA,NA,NA,NA,NA,NA,NA,NA,NA,NA,NA,NA,NA,NA,NA,NA,NA,NA,NA,NA,NA,NA,NA,NA,NA,NA,NA,NA,NA,NA,NA,NA,NA,NA,NA
